Capacity_GB,Generation,Speed_MHz,Brand,Is_kit,Final_Price
16.0,4.0,3200.0,A-Tech,False,129.19
16.0,4.0,3200.0,A-Tech,True,149.98
16.0,4.0,3200.0,Unknown,True,124.99
16.0,4.0,3200.0,TEAMGROUP,True,149.99
16.0,4.0,3200.0,A-Tech,True,149.98
32.0,4.0,3200.0,Unknown,True,278.99
32.0,4.0,3200.0,Unknown,True,219.99
16.0,4.0,2400.0,Timetec,False,105.99
32.0,4.0,3200.0,CORSAIR,True,219.99
16.0,4.0,3200.0,TEAMGROUP,True,149.99
16.0,4.0,3200.0,Unknown,True,139.89
16.0,4.0,3200.0,TEAMGROUP,True,139.99
16.0,4.0,3200.0,Unknown,True,99.99
16.0,4.0,3200.0,TEAMGROUP,True,138.99
16.0,4.0,3200.0,Crucial,True,165.0
16.0,4.0,3200.0,Dell,True,139.89
32.0,4.0,3200.0,Crucial,True,254.8
32.0,4.0,3200.0,Crucial,True,254.79
16.0,4.0,3200.0,Timetec,True,129.99
32.0,4.0,3200.0,A-Tech,True,258.38
16.0,4.0,3200.0,Unknown,True,119.99
16.0,4.0,3200.0,Crucial,True,154.8
16.0,4.0,3200.0,Patriot,True,151.99
32.0,4.0,3200.0,Unknown,True,239.99
32.0,4.0,3200.0,Unknown,True,298.99
16.0,4.0,3200.0,A-Tech,False,130.99
32.0,3.0,1600.0,Unknown,True,88.99
32.0,4.0,3200.0,Timetec,True,229.99
32.0,4.0,3200.0,TEAMGROUP,True,250.99
16.0,4.0,3200.0,Patriot,True,149.99
16.0,4.0,3200.0,Samsung,True,137.94
32.0,4.0,3200.0,Unknown,True,236.99
16.0,4.0,3200.0,CORSAIR,False,131.99
32.0,4.0,4000.0,G.SKILL,True,319.99
16.0,4.0,3200.0,Patriot Memory,True,151.99
16.0,4.0,3200.0,Unknown,True,132.99
16.0,4.0,3200.0,Unknown,True,147.97
16.0,4.0,3200.0,G.SKILL,True,159.99
32.0,4.0,3200.0,Unknown,True,268.99
16.0,4.0,3200.0,SK Hynix,True,149.99
16.0,4.0,3200.0,Patriot Memory,True,149.99
16.0,4.0,3200.0,G.SKILL,True,174.99
32.0,4.0,3200.0,Crucial,True,252.99
16.0,4.0,3200.0,Kingston,False,129.9
32.0,4.0,3200.0,Samsung,True,243.9
32.0,4.0,3200.0,Unknown,True,209.97
32.0,4.0,3200.0,Unknown,True,215.99
16.0,4.0,3200.0,Samsung,False,128.0
32.0,4.0,3200.0,CORSAIR,True,262.99
16.0,4.0,3200.0,Kingston,False,137.99
32.0,4.0,3200.0,Patriot,True,289.99
32.0,4.0,3200.0,Unknown,True,378.99
32.0,4.0,3200.0,Kingston,True,298.77
128.0,4.0,3200.0,Unknown,True,1475.49
16.0,4.0,3200.0,Samsung,True,164.79
16.0,4.0,3200.0,Samsung,True,178.0
32.0,4.0,3200.0,Kingston,True,299.77
128.0,4.0,3200.0,Dell,True,1475.49
128.0,4.0,3200.0,Dell,True,1475.49
32.0,4.0,3200.0,Samsung,True,280.0
128.0,4.0,3200.0,Unknown,True,1475.49
8.0,4.0,3200.0,Kingston,True,136.99
16.0,4.0,3200.0,DELL,True,178.99
32.0,4.0,3200.0,Dell,True,371.89
32.0,4.0,3200.0,Unknown,True,241.38
16.0,4.0,3200.0,Unknown,True,139.89
64.0,4.0,3200.0,Dell,True,756.99
64.0,4.0,3200.0,Unknown,True,756.99
16.0,4.0,3200.0,Unknown,False,132.99
16.0,4.0,3200.0,Unknown,True,139.89
16.0,4.0,3200.0,G.SKILL,True,159.99
32.0,4.0,3200.0,Patriot,True,289.99
32.0,4.0,3200.0,Unknown,True,241.38
16.0,4.0,3200.0,Unknown,True,139.89
16.0,4.0,3200.0,A-Tech,True,299.98
32.0,4.0,3200.0,A-Tech,True,299.98
16.0,4.0,3200.0,Unknown,True,120.0
16.0,4.0,3200.0,A-Tech,True,169.98
32.0,4.0,3200.0,A-Tech,True,299.98
32.0,4.0,3200.0,A-Tech,True,271.52
32.0,4.0,3200.0,A-Tech,True,299.98
32.0,4.0,3200.0,A-Tech,True,299.98
16.0,4.0,3200.0,A-Tech,True,169.98
32.0,4.0,3200.0,A-Tech,True,299.98
32.0,4.0,3200.0,A-Tech,True,299.98
32.0,5.0,6000.0,CORSAIR,True,369.99
32.0,5.0,6400.0,Crucial,True,369.99
32.0,5.0,6000.0,Crucial,True,389.0
32.0,5.0,6000.0,TEAMGROUP,True,459.99
32.0,5.0,6000.0,G.SKILL,True,420.0
32.0,5.0,6000.0,Unknown,True,398.99
32.0,5.0,6000.0,Unknown,True,799.99
32.0,5.0,6000.0,Unknown,True,459.99
32.0,5.0,6000.0,Crucial,True,389.95
32.0,5.0,5600.0,Crucial,True,349.99
32.0,5.0,6000.0,G.SKILL,True,509.99
32.0,5.0,6000.0,G.SKILL,True,499.99
32.0,5.0,6400.0,CORSAIR,True,399.99
32.0,5.0,6000.0,TEAMGROUP,True,479.99
32.0,5.0,6000.0,Unknown,True,449.97
32.0,5.0,6400.0,CORSAIR,True,430.99
32.0,5.0,6000.0,Unknown,False,379.99
96.0,5.0,5600.0,Unknown,True,34499.99
768.0,5.0,5600.0,Unknown,True,27429.99
64.0,5.0,5600.0,Unknown,True,969.99
32.0,4.0,3200.0,Unknown,False,296.99
32.0,5.0,6000.0,SK hynix,True,549.99
64.0,5.0,6000.0,Unknown,True,809.99
32.0,5.0,5600.0,A-Tech,False,409.99
32.0,5.0,6000.0,G.SKILL,True,441.0
32.0,5.0,6000.0,Kingston,False,469.99
32.0,5.0,6000.0,TEAMGROUP,True,499.49
32.0,5.0,6000.0,TEAMGROUP,True,489.49
32.0,5.0,6000.0,Patriot Memory,True,474.99
32.0,5.0,6000.0,Kingston,True,499.99
32.0,5.0,6000.0,SK Hynix,True,499.99
32.0,5.0,6000.0,G.SKILL,True,479.99
32.0,5.0,6000.0,G.SKILL,True,479.99
32.0,5.0,6000.0,CORSAIR,True,505.99
32.0,5.0,6000.0,CORSAIR,True,317.22
32.0,5.0,6000.0,SK Hynix,True,464.99
32.0,5.0,6400.0,TEAMGROUP,True,549.99
32.0,5.0,4800.0,Unknown,True,1078.99
32.0,5.0,6000.0,Patriot,True,421.49
32.0,5.0,6000.0,G.SKILL,True,479.99
32.0,5.0,6000.0,Unknown,True,449.97
32.0,5.0,4800.0,Crucial,True,447.95
32.0,5.0,6000.0,Unknown,True,508.99
32.0,5.0,6000.0,SK Hynix,True,479.99
128.0,5.0,6000.0,Unknown,True,1968.99
32.0,5.0,6000.0,Unknown,True,357.99
64.0,5.0,6000.0,CORSAIR,True,926.99
32.0,5.0,6000.0,TEAMGROUP,True,489.99
32.0,5.0,6000.0,Patriot Memory,True,469.99
32.0,5.0,6000.0,G.SKILL,True,519.99
32.0,5.0,5200.0,Kingston,True,441.69
32.0,5.0,6000.0,CORSAIR,True,430.99
32.0,5.0,6000.0,G.SKILL,True,505.0
64.0,5.0,6000.0,G.SKILL,True,949.99
32.0,5.0,5600.0,CORSAIR,True,418.99
32.0,5.0,6000.0,G.SKILL,True,519.99
32.0,5.0,6000.0,Patriot Memory,True,449.99
32.0,5.0,6000.0,Patriot Memory,False,431.99
32.0,5.0,4800.0,Crucial,True,368.0
32.0,5.0,6000.0,G.SKILL,True,559.99
64.0,5.0,4800.0,Unknown,True,619.99
64.0,5.0,6000.0,G.SKILL,True,869.99
32.0,5.0,6000.0,Unknown,True,639.99
64.0,5.0,6000.0,G.SKILL,True,1014.99
32.0,5.0,6400.0,Kingston,True,540.0
32.0,5.0,6000.0,Unknown,True,429.97
32.0,5.0,6000.0,G.SKILL,True,479.99
32.0,5.0,6000.0,Unknown,True,439.97
32.0,5.0,6000.0,G.SKILL,True,564.52
64.0,5.0,6000.0,Corsair,True,852.83
32.0,5.0,8000.0,Patriot,True,699.99
32.0,5.0,6000.0,G.SKILL,True,599.99
32.0,5.0,8000.0,G.SKILL,True,549.99
32.0,5.0,6000.0,G.SKILL,True,529.99
16.0,4.0,2666.0,Timetec,True,117.99
32.0,5.0,6000.0,SK Hynix,True,499.99
32.0,5.0,6400.0,Unknown,True,479.99
32.0,5.0,5600.0,Unknown,True,498.99
32.0,5.0,5200.0,G.SKILL,True,459.99
64.0,5.0,6000.0,Unknown,False,959.99
32.0,5.0,7600.0,G.SKILL,True,534.99
32.0,5.0,5600.0,CORSAIR,False,389.99
32.0,5.0,6400.0,G.SKILL,True,549.99
32.0,5.0,6400.0,G.SKILL,True,509.99
64.0,5.0,6000.0,G.SKILL,True,949.99
32.0,4.0,3600.0,G.SKILL,True,319.99
32.0,4.0,3600.0,G.SKILL,True,319.99
8.0,4.0,2666.0,A-Tech,False,64.99
8.0,4.0,3200.0,A-Tech,False,74.99
8.0,4.0,2400.0,A-Tech,False,60.99
8.0,4.0,2666.0,Crucial,False,68.94
8.0,4.0,2133.0,Timetec,False,60.99
8.0,4.0,2666.0,Timetec,False,60.99
8.0,4.0,3200.0,Kingston,False,79.0
8.0,4.0,3200.0,Unknown,False,68.99
8.0,4.0,2400.0,Crucial,False,64.95
8.0,4.0,2666.0,SAMSUNG,False,63.0
16.0,4.0,2666.0,Unknown,True,111.99
8.0,4.0,2133.0,Unknown,False,59.99
8.0,4.0,2400.0,A-Tech,False,64.99
8.0,4.0,2133.0,A-Tech,False,60.99
8.0,4.0,2400.0,Samsung,False,68.56
16.0,4.0,3200.0,Timetec,False,125.99
8.0,4.0,3200.0,TEAMGROUP,False,69.99
8.0,4.0,2400.0,A-Tech,False,64.99
8.0,4.0,2400.0,Unknown,False,65.99
8.0,4.0,2666.0,Unknown,False,65.99
16.0,4.0,3200.0,CORSAIR,True,142.99
8.0,4.0,3200.0,Timetec,False,70.99
8.0,4.0,3200.0,SK Hynix,False,78.99
8.0,4.0,3200.0,Unknown,False,79.99
16.0,4.0,2400.0,A-Tech,True,121.98
16.0,4.0,2400.0,Timetec,True,119.99
16.0,4.0,3200.0,TEAMGROUP,True,138.99
16.0,4.0,2666.0,Crucial,True,120.99
16.0,4.0,2666.0,Samsung,True,129.99
8.0,4.0,3200.0,Samsung,False,88.99
16.0,4.0,3600.0,G.SKILL,True,159.99
8.0,4.0,3200.0,Patriot Memory,False,75.99
8.0,4.0,2133.0,Unknown,False,96.95
8.0,4.0,2666.0,G.SKILL,False,84.99
8.0,4.0,2666.0,Samsung,False,64.0
8.0,4.0,2400.0,Unknown,False,55.05
16.0,4.0,3200.0,TEAMGROUP,True,157.99
8.0,4.0,3200.0,Patriot,False,78.99
8.0,4.0,2400.0,Kingston,False,64.78
16.0,4.0,3600.0,G.SKILL,True,169.99
8.0,4.0,2400.0,SAMSUNG,False,69.96
8.0,4.0,2666.0,Unknown,False,64.79
8.0,4.0,3200.0,Unknown,False,97.99
8.0,4.0,3200.0,Samsung,True,115.43
8.0,4.0,3200.0,A-Tech,False,89.99
8.0,4.0,2133.0,Micron,False,59.74
8.0,4.0,2133.0,Samsung,False,66.99
8.0,4.0,3200.0,Samsung,False,87.79
8.0,4.0,3200.0,Unknown,False,88.16
8.0,4.0,2133.0,Samsung,False,66.99
8.0,4.0,2133.0,Crucial,False,72.78
8.0,4.0,3200.0,A-Tech,False,87.99
16.0,4.0,3600.0,G.SKILL,True,169.99
16.0,4.0,2400.0,G.SKILL,True,139.99
8.0,4.0,3000.0,G.SKILL,False,82.99
8.0,4.0,3200.0,Unknown,False,69.99
8.0,4.0,2666.0,A-Tech,False,77.99
128.0,4.0,2666.0,A-Tech,True,879.96
8.0,4.0,2133.0,Samsung,True,88.96
16.0,4.0,3600.0,G.SKILL,True,174.99
8.0,4.0,2400.0,A-Tech,False,75.99
8.0,4.0,2133.0,A-Tech,False,71.99
8.0,4.0,2400.0,A-Tech,False,73.99
8.0,4.0,2133.0,Kingston,False,74.78
8.0,4.0,3200.0,Kingston,False,89.99
8.0,4.0,2400.0,Samsung,True,89.04
8.0,4.0,2400.0,A-Tech,False,69.99
16.0,4.0,3000.0,G.SKILL,True,149.99
16.0,4.0,2666.0,Samsung,True,139.98
8.0,4.0,3200.0,OWC,False,69.99
16.0,4.0,3200.0,Unknown,True,130.99
8.0,4.0,2133.0,A-Tech,False,71.99
8.0,4.0,2666.0,A-Tech,False,68.99
16.0,4.0,3600.0,Unknown,True,142.99
16.0,4.0,3000.0,G.SKILL,True,149.99
16.0,4.0,3200.0,G.SKILL,True,149.99
16.0,4.0,3600.0,Patriot,True,151.99
8.0,4.0,2666.0,A-Tech,False,77.99
8.0,4.0,2133.0,Unknown,False,96.95
8.0,4.0,2666.0,A-Tech,False,77.99
8.0,4.0,3200.0,A-Tech,False,94.99
16.0,4.0,2666.0,A-Tech,True,137.98
16.0,4.0,3600.0,Unknown,True,143.99
8.0,4.0,2666.0,A-Tech,False,77.99
8.0,4.0,2666.0,Samsung,False,79.99
16.0,3.0,1600.0,Crucial,True,49.48
16.0,3.0,1600.0,Timetec,True,40.99
16.0,3.0,1067.0,Timetec,True,40.99
16.0,3.0,1600.0,Unknown,True,48.99
16.0,3.0,1866.0,Timetec,True,40.99
16.0,3.0,1333.0,Timetec,True,39.99
16.0,3.0,1333.0,Timetec,True,40.99
16.0,3.0,1600.0,TEAMGROUP,True,38.99
16.0,3.0,1600.0,Timetec,True,40.99
16.0,3.0,1600.0,Timetec,True,40.99
16.0,3.0,1600.0,Unknown,True,40.99
16.0,3.0,1600.0,Timetec,True,40.99
16.0,3.0,1333.0,A-Tech,True,46.57
16.0,3.0,1600.0,Timetec,True,40.99
16.0,3.0,1600.0,A-Tech,True,43.98
16.0,3.0,1600.0,Unknown,True,40.99
16.0,3.0,1600.0,Unknown,True,40.99
16.0,3.0,1600.0,G.SKILL,True,84.99
8.0,3.0,1600.0,Unknown,True,40.99
16.0,3.0,1600.0,Patriot,True,56.99
16.0,3.0,1333.0,Timetec,True,40.99
16.0,3.0,1600.0,TEAMGROUP,True,39.99
16.0,3.0,1600.0,A-Tech,True,43.98
16.0,3.0,1600.0,Unknown,False,295.95
16.0,3.0,1333.0,Unknown,False,76.95
16.0,3.0,1600.0,A-Tech,True,47.52
16.0,3.0,1333.0,Timetec,True,39.99
16.0,3.0,1333.0,Unknown,True,38.99
16.0,3.0,1067.0,Timetec,True,52.99
16.0,3.0,1600.0,Timetec,True,40.99
16.0,3.0,1866.0,Unknown,True,52.99
16.0,3.0,1333.0,Timetec,True,40.99
32.0,3.0,1600.0,A-Tech,True,79.98
16.0,3.0,1600.0,Samsung,True,52.99
16.0,3.0,1333.0,Unknown,True,59.49
16.0,3.0,1600.0,Patriot,True,57.99
16.0,3.0,1866.0,Unknown,False,41.99
16.0,3.0,1600.0,Unknown,True,43.99
32.0,3.0,1600.0,Unknown,True,304.89
16.0,3.0,1600.0,Unknown,True,49.99
16.0,3.0,1866.0,Kingston,False,76.95
16.0,3.0,1866.0,A-Tech,True,55.98
16.0,3.0,1600.0,A-Tech,True,59.98
16.0,3.0,1600.0,G.SKILL,True,99.99
64.0,3.0,1600.0,A-Tech,True,173.89
16.0,3.0,1866.0,Unknown,True,49.95
16.0,3.0,1600.0,Unknown,True,44.99
16.0,3.0,1067.0,Timetec,True,41.99
16.0,3.0,1600.0,A-Tech,True,85.72
16.0,3.0,1600.0,A-Tech,True,50.31
16.0,3.0,1600.0,Unknown,True,49.99
32.0,3.0,1600.0,A-Tech,True,79.98
16.0,3.0,1600.0,Unknown,True,49.99
16.0,3.0,1600.0,Unknown,True,59.99
16.0,3.0,1066.0,Unknown,True,43.99
16.0,3.0,1600.0,A-Tech,True,50.32
16.0,3.0,1600.0,Unknown,True,40.99
16.0,3.0,1600.0,Samsung,True,59.95
16.0,3.0,1600.0,Unknown,True,40.99
16.0,3.0,1866.0,Unknown,True,49.99
16.0,3.0,1600.0,Samsung,True,75.29
32.0,3.0,1600.0,OWC,True,302.1
16.0,3.0,1600.0,Samsung,True,58.75
16.0,3.0,1600.0,Unknown,True,40.97
16.0,3.0,1600.0,A-Tech,True,90.59
16.0,3.0,1600.0,Unknown,True,44.99
16.0,3.0,1333.0,Timetec,True,52.99
32.0,3.0,1600.0,Crucial,True,299.79
16.0,3.0,1600.0,Timetec,True,53.99
16.0,4.0,3200.0,Unknown,False,175.99
16.0,3.0,1866.0,A-Tech,True,65.23
16.0,3.0,1600.0,Unknown,True,43.99
64.0,3.0,1333.0,OWC,True,235.16
16.0,3.0,1600.0,Unknown,True,40.99
16.0,3.0,1333.0,Unknown,True,49.99
16.0,3.0,1066.0,Unknown,True,43.99
16.0,3.0,1333.0,Unknown,True,49.89
16.0,3.0,1600.0,A-Tech,True,83.98
16.0,3.0,1066.0,A-Tech,True,63.75
16.0,3.0,1066.0,OWC,True,72.18
16.0,3.0,1333.0,A-Tech,True,83.98
16.0,3.0,1600.0,Unknown,True,49.89
16.0,3.0,1600.0,Unknown,True,59.99
16.0,3.0,1067.0,A-Tech,True,62.07
16.0,3.0,1600.0,Timetec,True,40.99
32.0,4.0,3200.0,Unknown,False,290.99
16.0,3.0,1600.0,A-Tech,True,75.47
16.0,3.0,1600.0,Kingston,True,89.99
16.0,3.0,1333.0,Unknown,True,43.99
16.0,3.0,1866.0,Crucial,True,66.64
16.0,3.0,1333.0,A-Tech,True,61.25
16.0,3.0,1600.0,A-Tech,True,75.47
16.0,3.0,1333.0,A-Tech,True,107.83
16.0,3.0,1600.0,OWC,True,75.98
16.0,3.0,1600.0,Unknown,True,43.99
16.0,3.0,1333.0,OWC,True,75.98
16.0,3.0,1600.0,A-Tech,True,75.47
16.0,3.0,1600.0,A-Tech,True,131.62
16.0,4.0,2666.0,A-Tech,False,115.99
16.0,4.0,3200.0,Crucial,False,148.97
16.0,4.0,2400.0,A-Tech,False,115.99
16.0,4.0,3200.0,Samsung,False,124.0
16.0,4.0,2400.0,A-Tech,True,121.98
16.0,4.0,2666.0,Timetec,False,105.99
16.0,4.0,2666.0,Samsung,False,129.47
16.0,4.0,3200.0,Crucial,False,142.99
32.0,4.0,2666.0,A-Tech,True,231.98
16.0,4.0,2400.0,Crucial,False,129.79
32.0,4.0,2666.0,Timetec,True,205.99
32.0,4.0,3200.0,G.SKILL,True,259.94
16.0,4.0,2400.0,Crucial,True,135.0
16.0,4.0,2666.0,Crucial,True,121.9
16.0,4.0,2400.0,Unknown,False,84.79
16.0,4.0,3200.0,Samsung,False,128.0
16.0,4.0,3200.0,Micron,False,128.0
32.0,4.0,3200.0,Samsung,True,256.9
16.0,4.0,3200.0,Timetec,False,117.99
16.0,4.0,3200.0,Unknown,False,127.99
16.0,4.0,2666.0,Dell,False,152.95
16.0,4.0,2133.0,Timetec,False,105.99
32.0,4.0,2666.0,Samsung,True,258.0
16.0,4.0,3200.0,Unknown,True,158.99
16.0,4.0,3200.0,Kingston,False,139.64
16.0,4.0,2400.0,Unknown,True,106.99
16.0,4.0,2666.0,G.SKILL,True,149.99
16.0,4.0,3200.0,SK Hynix,False,109.99
16.0,4.0,3200.0,Unknown,False,114.99
16.0,4.0,3200.0,Kingston,False,129.19
16.0,4.0,2133.0,A-Tech,False,110.24
16.0,4.0,3200.0,Unknown,False,128.0
16.0,4.0,2666.0,Crucial,False,123.99
16.0,4.0,2133.0,Kingston,False,109.99
16.0,4.0,2400.0,Samsung,False,129.96
16.0,4.0,2666.0,Kingston,False,149.79
16.0,4.0,2400.0,G.SKILL,False,139.99
32.0,4.0,3200.0,Unknown,True,229.97
16.0,4.0,2133.0,Samsung,False,122.99
16.0,4.0,3200.0,A-Tech,True,155.98
16.0,4.0,2400.0,Samsung,False,131.24
32.0,4.0,2400.0,Samsung,True,239.0
16.0,4.0,3200.0,Samsung,False,143.04
16.0,4.0,2400.0,G.SKILL,True,129.0
16.0,4.0,2133.0,Samsung,False,131.24
16.0,4.0,3200.0,Crucial,True,152.0
16.0,4.0,2666.0,A-Tech,False,125.99
32.0,4.0,2400.0,Timetec,True,205.99
16.0,4.0,2666.0,A-Tech,True,129.98
16.0,4.0,2400.0,Timetec,False,105.99
16.0,4.0,2666.0,Timetec,False,105.99
16.0,4.0,2933.0,A-Tech,False,131.87
16.0,4.0,3200.0,Unknown,False,125.99
32.0,4.0,2666.0,Unknown,True,183.88
16.0,4.0,2666.0,A-Tech,False,125.99
16.0,4.0,2666.0,Micron,False,149.0
16.0,4.0,2400.0,A-Tech,False,129.99
16.0,4.0,2666.0,Unknown,True,152.99
16.0,4.0,2400.0,A-Tech,False,129.99
16.0,4.0,3200.0,A-Tech,False,149.99
16.0,4.0,2666.0,Adamanta,False,125.0
16.0,4.0,2666.0,A-Tech,False,125.99
16.0,4.0,2133.0,A-Tech,False,131.86
16.0,4.0,2666.0,A-Tech,True,155.98
16.0,4.0,2400.0,Unknown,False,129.98
16.0,4.0,3200.0,OWC,False,135.99
16.0,4.0,2133.0,Samsung,True,125.39
32.0,4.0,2666.0,G.SKILL,True,279.99
16.0,4.0,2666.0,Unknown,False,115.99
16.0,4.0,2666.0,A-Tech,False,125.99
32.0,4.0,3200.0,Samsung,True,298.0
16.0,4.0,2400.0,A-Tech,False,129.99
16.0,4.0,3200.0,Unknown,True,130.99
16.0,4.0,2400.0,A-Tech,False,120.99
16.0,4.0,3200.0,Unknown,False,158.99
16.0,4.0,3200.0,A-Tech,False,149.99
16.0,4.0,2666.0,A-Tech,False,125.99
64.0,5.0,5600.0,Crucial,True,579.99
32.0,5.0,5600.0,Unknown,True,339.99
32.0,5.0,4800.0,Samsung,False,394.99
32.0,5.0,5600.0,Kingston,True,399.0
32.0,5.0,5600.0,G.SKILL,True,439.99
32.0,5.0,5600.0,Samsung,False,439.99
32.0,5.0,4800.0,G.SKILL,True,409.99
32.0,5.0,5600.0,Timetec,True,369.99
32.0,5.0,5600.0,A-Tech,True,419.98
32.0,4.0,2666.0,Timetec,True,216.99
32.0,4.0,2400.0,Timetec,True,205.99
64.0,5.0,5200.0,Crucial,True,689.99
32.0,5.0,4800.0,Micron,False,348.75
32.0,5.0,6400.0,Kingston,True,549.5
32.0,5.0,5600.0,Samsung,False,449.99
32.0,5.0,4800.0,Timetec,True,369.99
32.0,5.0,5600.0,Unknown,False,399.99
32.0,5.0,5600.0,G.SKILL,True,357.95
16.0,5.0,5600.0,CORSAIR,False,179.99
32.0,5.0,5600.0,SK Hynix,True,449.99
32.0,5.0,4800.0,Unknown,True,359.97
64.0,5.0,5600.0,Samsung,True,899.99
32.0,5.0,5600.0,Samsung,False,439.99
64.0,5.0,5600.0,PNY,True,819.98
32.0,5.0,5600.0,Samsung,True,490.0
32.0,5.0,5600.0,Samsung,True,489.99
32.0,5.0,5600.0,HP,False,599.99
32.0,5.0,4800.0,TEAMGROUP,True,588.99
64.0,5.0,4800.0,Samsung,True,810.0
32.0,5.0,5600.0,Unknown,False,409.99
32.0,5.0,5600.0,Unknown,False,524.99
32.0,5.0,5600.0,HP,False,547.95
32.0,5.0,5600.0,TEAMGROUP,True,849.99
32.0,5.0,4800.0,Samsung,True,490.0
32.0,5.0,4800.0,HP,False,949.95
32.0,5.0,5600.0,OWC,False,599.99
32.0,5.0,4800.0,Samsung,True,439.98
32.0,5.0,5200.0,A-Tech,True,440.98
32.0,5.0,5600.0,A-Tech,False,459.99
32.0,5.0,5600.0,A-Tech,False,419.99
32.0,5.0,4800.0,Adamanta,False,395.5
32.0,5.0,4800.0,Unknown,False,589.99
32.0,5.0,5600.0,A-Tech,False,419.99
32.0,5.0,4800.0,A-Tech,False,419.99
32.0,5.0,4800.0,Unknown,False,589.99
32.0,5.0,4800.0,A-Tech,False,419.99
64.0,5.0,5600.0,OWC,True,1989.98
64.0,5.0,5600.0,Adamanta,True,880.0
32.0,5.0,5600.0,A-Tech,False,459.99
32.0,5.0,5200.0,A-Tech,False,459.99
32.0,5.0,5200.0,A-Tech,True,439.98
32.0,5.0,4800.0,A-Tech,False,419.99
32.0,5.0,4800.0,OWC,False,599.99
32.0,5.0,5600.0,A-Tech,False,459.99
64.0,5.0,5600.0,Samsung,True,900.0
32.0,5.0,4800.0,Lenovo,False,365.96
32.0,5.0,5600.0,Unknown,False,563.6
32.0,5.0,4800.0,Adamanta,False,435.5
32.0,5.0,4800.0,Dell,True,578.99
32.0,5.0,5600.0,Unknown,False,2083.55
32.0,5.0,4800.0,OWC,False,599.99
64.0,5.0,4800.0,Unknown,True,1178.99
32.0,5.0,4800.0,OWC,False,599.99
32.0,5.0,4800.0,OWC,False,599.99
32.0,5.0,4800.0,A-Tech,True,519.98
32.0,5.0,5200.0,A-Tech,False,409.99
32.0,5.0,4800.0,Unknown,False,719.99
32.0,5.0,4800.0,A-Tech,False,449.99
32.0,5.0,5600.0,Samsung,False,727.99
32.0,5.0,5600.0,A-Tech,True,479.98
64.0,5.0,4800.0,Unknown,True,1178.99
32.0,5.0,5600.0,A-Tech,False,459.99
32.0,5.0,5600.0,Unknown,False,1071.04
64.0,5.0,4800.0,A-Tech,True,899.98
8.0,3.0,1600.0,A-Tech,False,26.61
8.0,3.0,1600.0,Unknown,False,24.99
8.0,3.0,1600.0,Timetec,False,23.99
32.0,3.0,1600.0,Unknown,True,79.99
8.0,3.0,1600.0,Crucial,False,28.98
8.0,3.0,1600.0,Unknown,False,24.99
8.0,3.0,1600.0,Unknown,False,22.99
8.0,3.0,1600.0,Unknown,False,24.76
8.0,3.0,1600.0,Samsung,False,31.9
16.0,3.0,1600.0,Unknown,True,42.79
8.0,3.0,1600.0,A-Tech,True,23.11
8.0,3.0,1600.0,Timetec,False,23.99
8.0,3.0,1600.0,Timetec,True,26.99
8.0,3.0,1600.0,Samsung,False,29.99
8.0,3.0,1600.0,Kingston,False,44.99
8.0,3.0,1600.0,Crucial,False,32.58
8.0,3.0,1600.0,Dell,False,34.2
16.0,3.0,1600.0,G.SKILL,True,89.99
8.0,3.0,1600.0,Unknown,False,22.99
8.0,3.0,1866.0,Crucial,False,29.49
8.0,3.0,1600.0,Kingston,False,58.79
8.0,3.0,1600.0,G.Skill,False,39.99
8.0,3.0,1600.0,Timetec,True,24.99
8.0,4.0,2666.0,Unknown,True,76.99
16.0,3.0,1600.0,Crucial,True,59.94
16.0,3.0,1600.0,Crucial,True,58.0
16.0,3.0,1867.0,Timetec,True,40.99
16.0,3.0,1600.0,OWC,True,75.79
32.0,3.0,1600.0,OWC,True,148.39
8.0,3.0,1600.0,A-Tech,False,21.99
8.0,3.0,1600.0,A-Tech,False,25.85
8.0,3.0,1600.0,A-Tech,False,29.99
8.0,3.0,1866.0,A-Tech,False,27.99
8.0,3.0,1600.0,Samsung,False,29.89
8.0,3.0,1600.0,OWC,False,37.99
8.0,3.0,1600.0,OWC,False,37.99
16.0,3.0,1600.0,OWC,True,72.18
8.0,3.0,1600.0,Adamanta,True,26.9
8.0,3.0,1866.0,A-Tech,False,27.99
8.0,3.0,1600.0,A-Tech,False,29.99
8.0,3.0,1600.0,Unknown,False,21.99
8.0,3.0,1600.0,A-Tech,False,29.99
16.0,3.0,1600.0,Samsung,True,55.18
8.0,3.0,1600.0,Kingston,False,104.13
8.0,3.0,1600.0,A-Tech,False,29.76
8.0,3.0,1600.0,Unknown,False,21.98
8.0,3.0,1600.0,A-Tech,False,29.06
8.0,3.0,1600.0,A-Tech,False,37.75
8.0,3.0,1600.0,A-Tech,False,33.2
8.0,3.0,1866.0,Crucial,False,44.99
8.0,3.0,1600.0,OWC,False,37.99
8.0,3.0,1600.0,Timetec,False,23.99
8.0,3.0,1333.0,Timetec,False,23.99
8.0,3.0,1600.0,OWC,False,37.99
8.0,3.0,1600.0,OWC,False,37.99
8.0,3.0,1600.0,OWC,False,37.99
8.0,3.0,1600.0,A-Tech,False,29.99
8.0,3.0,1600.0,Unknown,False,44.95
8.0,3.0,1600.0,Unknown,False,25.99
8.0,3.0,1600.0,Kingston,False,44.95
8.0,3.0,1600.0,A-Tech,False,29.99
8.0,3.0,1600.0,Unknown,True,27.99
8.0,3.0,1600.0,A-Tech,False,31.86
8.0,3.0,1333.0,A-Tech,False,37.75
8.0,3.0,1600.0,A-Tech,False,29.99
8.0,3.0,1866.0,A-Tech,False,29.99
8.0,3.0,1600.0,Unknown,False,69.99
8.0,3.0,1600.0,HP,False,39.99
8.0,3.0,1600.0,A-Tech,False,37.75
8.0,3.0,1600.0,A-Tech,False,37.75
8.0,3.0,1600.0,A-Tech,False,33.2
8.0,3.0,1600.0,A-Tech,False,37.75
8.0,3.0,1600.0,A-Tech,False,37.75
8.0,3.0,1600.0,Lenovo,False,39.99
8.0,3.0,1600.0,Samsung,False,21.99
8.0,3.0,1600.0,A-Tech,False,37.75
32.0,4.0,3200.0,G.SKILL,True,299.99
16.0,5.0,5200.0,Corsair,True,249.99
8.0,4.0,2666.0,Timetec,False,59.99
16.0,5.0,5600.0,A-Tech,True,319.98
32.0,4.0,3200.0,Unknown,True,198.99
32.0,5.0,6000.0,Corsair,True,489.99
32.0,4.0,3000.0,Corsair,True,493.32
16.0,4.0,3200.0,Corsair,True,200.0
32.0,4.0,3200.0,Unknown,True,238.99
128.0,4.0,3600.0,G.SKILL,True,1099.99
32.0,4.0,3200.0,Unknown,True,219.79
64.0,4.0,3200.0,Unknown,True,562.99
32.0,4.0,3200.0,Unknown,True,299.99
32.0,5.0,6400.0,TEAMGROUP,True,549.93
32.0,4.0,3200.0,G.SKILL,True,275.0
32.0,4.0,3600.0,G.SKILL,True,309.99
32.0,4.0,3600.0,G.SKILL,True,294.99
8.0,4.0,2400.0,G.SKILL,False,89.99
32.0,5.0,5600.0,G.SKILL,False,469.99
16.0,4.0,3200.0,Unknown,False,176.99
32.0,4.0,3200.0,TEAMGROUP,True,250.99
16.0,3.0,1600.0,G.SKILL,True,109.24
16.0,3.0,2133.0,G.SKILL,True,99.99
32.0,3.0,1600.0,G.Skill,True,219.99
16.0,4.0,3600.0,TEAMGROUP,True,132.99
64.0,5.0,6400.0,Kingston,True,1209.56
32.0,5.0,6000.0,Kingston,True,549.99
32.0,4.0,3600.0,Kingston,True,533.31
64.0,5.0,6400.0,Kingston,True,899.99
16.0,5.0,5200.0,Kingston,True,250.58
16.0,4.0,3600.0,Kingston,False,199.73
16.0,5.0,6000.0,Kingston,True,481.99
64.0,5.0,6000.0,Kingston,True,1175.99
16.0,5.0,6000.0,Kingston,False,295.0
16.0,5.0,5200.0,Kingston,True,309.99
32.0,5.0,6000.0,Kingston,False,439.95
16.0,5.0,5600.0,Kingston,False,229.0
16.0,4.0,3600.0,Kingston,True,160.0
8.0,4.0,3200.0,Kingston,False,107.48
32.0,5.0,6000.0,Kingston,True,674.99
32.0,5.0,6000.0,KINGSTON,True,664.49
32.0,4.0,2400.0,Timetec,True,205.99
16.0,4.0,3200.0,TEAMGROUP,False,160.99
8.0,4.0,3600.0,Kingston,False,99.99
32.0,5.0,5600.0,Kingston,False,338.99
64.0,5.0,5600.0,Kingston,True,899.0
32.0,5.0,6400.0,Kingston,True,748.54
16.0,4.0,2666.0,Timetec,True,119.99
16.0,5.0,5600.0,Unknown,False,219.99
32.0,5.0,5600.0,Kingston,False,629.99
64.0,5.0,5200.0,Kingston,True,1241.99
32.0,5.0,6400.0,KINGSTON,True,720.55
32.0,5.0,6000.0,KINGSTON,True,637.49
32.0,5.0,6400.0,Kingston,True,629.99
96.0,5.0,6000.0,KINGSTON,True,1405.57
16.0,4.0,3200.0,Unknown,False,182.99
16.0,4.0,3200.0,Crucial,False,126.22
32.0,4.0,2400.0,Crucial,True,258.95
32.0,4.0,2666.0,Crucial,True,223.8
16.0,4.0,2666.0,Crucial,False,121.9
32.0,4.0,2666.0,Crucial,True,244.8
8.0,4.0,3200.0,Crucial,False,80.0
16.0,4.0,2400.0,Crucial,False,125.95
8.0,4.0,2400.0,Crucial,False,72.99
8.0,4.0,3200.0,A-Tech,False,74.99
16.0,4.0,2666.0,Crucial,True,138.5
8.0,4.0,2666.0,Crucial,False,64.85
16.0,4.0,3200.0,Crucial,False,138.89
16.0,4.0,2666.0,Crucial,False,119.99
32.0,4.0,2666.0,Crucial,True,237.99
32.0,4.0,2666.0,Crucial,True,279.0
16.0,4.0,2400.0,Crucial,True,124.76
4.0,4.0,2666.0,Crucial,False,52.79
64.0,4.0,2400.0,Crucial,True,498.95
64.0,4.0,2666.0,Crucial,True,494.99
8.0,4.0,2666.0,Crucial,False,64.79
32.0,4.0,2666.0,Crucial,False,249.78
16.0,4.0,3200.0,Crucial,True,154.9
8.0,4.0,2666.0,Crucial,False,74.79
32.0,4.0,2133.0,Crucial,True,249.99
8.0,4.0,2666.0,Crucial,False,69.99
32.0,4.0,2666.0,Crucial,True,249.99
16.0,4.0,2666.0,Crucial,True,136.99
16.0,4.0,2666.0,Crucial,False,129.9
8.0,4.0,2666.0,Crucial,True,81.79
4.0,4.0,2666.0,Crucial,False,42.79
8.0,4.0,2400.0,Crucial,False,63.8
16.0,4.0,2666.0,Crucial,False,119.95
16.0,4.0,2666.0,Crucial,False,129.79
16.0,4.0,2133.0,Crucial,False,139.99
32.0,4.0,2133.0,Crucial,True,213.99
8.0,4.0,2666.0,Crucial,True,81.79
16.0,4.0,2666.0,Crucial,False,179.99
32.0,4.0,3200.0,Crucial,False,287.94
32.0,4.0,2666.0,Crucial,False,269.99
64.0,4.0,2666.0,Crucial,True,449.0
32.0,4.0,2133.0,Crucial,False,229.0
8.0,4.0,3200.0,Crucial,False,80.0
16.0,4.0,2133.0,Crucial,True,124.79
16.0,4.0,2933.0,Micron,False,99.0
8.0,4.0,2666.0,A-Tech,False,67.99
8.0,4.0,2400.0,A-Tech,False,64.99
32.0,4.0,2666.0,Crucial,True,258.4
8.0,4.0,2666.0,A-Tech,False,71.49
4.0,3.0,1600.0,Crucial,False,29.99
8.0,4.0,2666.0,Samsung,False,72.99
4.0,3.0,1333.0,Crucial,False,14.95
8.0,4.0,2666.0,Ballistix,False,117.77
8.0,3.0,1600.0,Crucial,True,31.59
8.0,3.0,1600.0,Crucial,True,28.99
16.0,5.0,5600.0,Crucial,True,270.0
8.0,3.0,1066.0,Crucial,True,39.99
16.0,3.0,1866.0,Crucial,True,107.75
8.0,4.0,3200.0,Samsung,False,62.94
8.0,4.0,2666.0,Samsung,False,64.76
8.0,4.0,2400.0,Samsung,False,62.97
8.0,4.0,3200.0,Samsung,False,62.98
8.0,4.0,3200.0,Samsung,False,68.0
16.0,4.0,2400.0,Samsung,True,133.95
8.0,4.0,2133.0,Samsung,False,64.76
8.0,4.0,2666.0,Samsung,False,64.79
8.0,4.0,3200.0,Samsung,False,69.99
8.0,4.0,3200.0,Samsung,False,69.99
8.0,4.0,2400.0,A-Tech,False,60.99
256.0,4.0,2933.0,Unknown,True,3339.99
8.0,4.0,3200.0,Samsung,True,39.88
8.0,4.0,2666.0,Samsung,False,71.99
8.0,4.0,2400.0,Samsung,False,63.97
16.0,4.0,2400.0,Samsung,True,139.95
8.0,4.0,2666.0,A-Tech,False,64.99
8.0,4.0,2666.0,Samsung,False,64.57
8.0,4.0,2133.0,Samsung,False,63.96
8.0,4.0,2400.0,Samsung,False,65.62
8.0,4.0,3200.0,Unknown,False,62.55
8.0,4.0,3200.0,Samsung,False,79.99
8.0,4.0,2133.0,Samsung,False,65.99
16.0,4.0,2133.0,Samsung,True,133.98
8.0,4.0,2666.0,A-Tech,False,67.99
8.0,4.0,2400.0,Samsung,False,66.96
8.0,4.0,2666.0,Samsung,False,70.0
16.0,4.0,2666.0,Samsung,True,139.98
8.0,4.0,2133.0,Samsung,False,63.96
8.0,4.0,2666.0,Samsung,True,65.0
16.0,4.0,2133.0,Samsung,True,137.98
8.0,4.0,2666.0,A-Tech,False,67.99
8.0,4.0,3200.0,Samsung,True,47.99
16.0,4.0,3200.0,Samsung,True,149.48
8.0,4.0,2666.0,Samsung,False,65.99
8.0,4.0,2933.0,A-Tech,False,65.99
8.0,4.0,3200.0,A-Tech,False,87.99
8.0,4.0,2666.0,Samsung,False,69.99
8.0,4.0,2400.0,Samsung,False,66.88
8.0,4.0,2400.0,A-Tech,False,64.99
8.0,4.0,3200.0,Samsung,False,98.99
8.0,4.0,2666.0,Samsung,False,65.99
8.0,4.0,2133.0,Samsung,True,90.58
8.0,4.0,2133.0,Samsung,False,59.99
8.0,4.0,3200.0,A-Tech,False,87.99
8.0,4.0,3200.0,A-Tech,False,87.99
8.0,4.0,2400.0,A-Tech,False,64.99
8.0,4.0,2133.0,A-Tech,False,61.99
8.0,4.0,2400.0,A-Tech,False,77.73
8.0,4.0,2400.0,Samsung,False,65.99
8.0,4.0,2933.0,Samsung,False,65.99
8.0,4.0,2133.0,A-Tech,False,59.39
8.0,4.0,3200.0,Samsung,False,89.99
192.0,5.0,4800.0,Unknown,True,6561.89
256.0,5.0,4800.0,Unknown,True,7596.99
32.0,4.0,2666.0,SAMSUNG,False,229.0
32.0,4.0,2400.0,SK HYNIX,False,229.0
32.0,4.0,2400.0,A-Tech,True,239.98
64.0,4.0,2400.0,A-Tech,True,519.98
32.0,5.0,5600.0,Micron,False,1298.0
64.0,4.0,2933.0,Unknown,True,838.99
32.0,4.0,2666.0,Timetec,True,209.99
32.0,5.0,4800.0,A-Tech,False,989.99
128.0,4.0,3200.0,Unknown,True,1796.99
256.0,4.0,2666.0,A-Tech,True,2159.92
64.0,4.0,2666.0,Timetec,True,399.99
32.0,4.0,2133.0,Unknown,False,238.99
128.0,4.0,2666.0,Unknown,True,1197.89
64.0,5.0,4800.0,Unknown,True,2195.89
32.0,5.0,4800.0,A-Tech,False,879.99
32.0,4.0,2666.0,Unknown,False,247.99
128.0,4.0,2933.0,Unknown,True,1676.99
128.0,5.0,5600.0,Unknown,True,4598.99
256.0,4.0,3200.0,Unknown,True,2396.99
32.0,4.0,2133.0,Timetec,True,203.99
32.0,4.0,2133.0,Timetec,True,203.99
32.0,5.0,4800.0,Dell,True,1078.99
32.0,4.0,2666.0,A-Tech,False,214.98
16.0,4.0,2666.0,A-Tech,False,119.99
256.0,4.0,2666.0,Micron,True,1599.0
128.0,4.0,2400.0,Dell,True,1006.49
32.0,4.0,2666.0,SK HYNIX,False,334.99
32.0,3.0,1333.0,A-Tech,True,81.15
32.0,4.0,2400.0,Samsung,False,319.99
32.0,5.0,4800.0,Lenovo,False,1295.95
32.0,4.0,2666.0,HP,False,299.95
32.0,3.0,1333.0,OWC,True,112.76
32.0,4.0,2666.0,Unknown,False,399.99
32.0,5.0,4800.0,Kingston,False,1099.0
32.0,4.0,3200.0,Unknown,True,371.89
384.0,4.0,3200.0,Unknown,True,5339.99
32.0,4.0,2933.0,Dell,True,347.49
64.0,4.0,3200.0,A-Tech,True,1079.98
48.0,4.0,2933.0,Unknown,True,559.99
768.0,5.0,4800.0,Unknown,True,22699.99
32.0,5.0,4800.0,A-Tech,False,989.99
32.0,4.0,2666.0,Unknown,True,291.89
64.0,4.0,2933.0,Unknown,True,838.99
32.0,4.0,2666.0,Unknown,True,287.49
256.0,4.0,2666.0,Samsung,True,1599.0
32.0,4.0,3200.0,A-Tech,True,459.98
32.0,4.0,2666.0,Unknown,False,299.95
32.0,4.0,2666.0,Unknown,True,199.99
256.0,4.0,2666.0,Micron,True,1599.0
32.0,4.0,3200.0,Dell,False,685.14
32.0,4.0,2666.0,Unknown,False,299.95
32.0,4.0,3200.0,Micron,False,535.19
64.0,5.0,6400.0,Unknown,True,2972.99
256.0,5.0,5200.0,OWC,True,7959.92
256.0,4.0,3200.0,Unknown,True,3579.99
32.0,5.0,4800.0,Lenovo,False,1295.95
128.0,5.0,6400.0,Unknown,True,5941.49
32.0,5.0,6400.0,Unknown,False,1488.0
32.0,3.0,1600.0,OWC,True,112.76
32.0,3.0,1600.0,Unknown,False,99.99
32.0,4.0,2133.0,A-Tech,False,239.99
32.0,4.0,2666.0,Unknown,False,299.95
32.0,4.0,2666.0,Lenovo,True,221.98
32.0,3.0,1333.0,A-Tech,False,64.99
32.0,4.0,2933.0,Dell,True,347.49
32.0,4.0,3200.0,A-Tech,False,509.99
256.0,4.0,2400.0,Unknown,True,1998.89
32.0,4.0,2400.0,Unknown,True,267.49
32.0,4.0,2933.0,Unknown,True,347.49
32.0,4.0,3200.0,Micron,False,449.99
32.0,4.0,2666.0,A-Tech,True,301.14
256.0,5.0,4800.0,Unknown,True,8717.49
32.0,4.0,3200.0,Dell,True,392.99
128.0,4.0,3200.0,Timetec,True,758.99
32.0,4.0,2133.0,A-Tech,False,239.99
32.0,4.0,2666.0,SK HYNIX,False,319.99
256.0,5.0,4800.0,Dell,True,8717.49
32.0,4.0,2666.0,A-Tech,True,301.14
64.0,4.0,2666.0,A-Tech,True,599.98
32.0,4.0,2400.0,Unknown,False,251.98
32.0,4.0,2666.0,Unknown,False,299.95
64.0,4.0,2666.0,HP,True,460.0
32.0,4.0,2400.0,Crucial,True,238.99
32.0,3.0,1600.0,A-Tech,True,79.98
32.0,4.0,2133.0,A-Tech,True,237.55
32.0,4.0,2133.0,A-Tech,True,259.98
32.0,5.0,4800.0,A-Tech,False,879.99
32.0,4.0,2933.0,Samsung,False,419.99
256.0,5.0,4800.0,A-Tech,True,7909.99
64.0,4.0,3200.0,Samsung,False,916.0
32.0,4.0,3200.0,Dell,False,449.99
256.0,4.0,3200.0,Unknown,True,3579.99
32.0,4.0,2666.0,A-Tech,False,279.99
32.0,5.0,4800.0,Unknown,False,1099.0
32.0,4.0,2666.0,A-Tech,False,279.99
128.0,4.0,2666.0,Timetec,True,800.99
128.0,4.0,2666.0,A-Tech,True,1199.96
16.0,4.0,2400.0,Timetec,True,106.99
32.0,4.0,2666.0,Timetec,True,205.99
4.0,3.0,1600.0,Timetec,True,16.99
16.0,4.0,2400.0,Timetec,True,105.99
8.0,4.0,2666.0,Timetec,True,60.99
64.0,4.0,2666.0,Timetec,True,399.99
16.0,4.0,2400.0,Timetec,True,119.99
8.0,4.0,2400.0,Timetec,False,58.99
64.0,4.0,3200.0,Timetec,True,440.99
256.0,4.0,2666.0,Timetec,True,1672.99
32.0,4.0,3200.0,Timetec,False,230.99
4.0,4.0,3200.0,Timetec,False,30.99
16.0,4.0,3200.0,Timetec,True,129.99
8.0,3.0,1067.0,Timetec,True,26.99
16.0,4.0,3200.0,Timetec,True,129.99
16.0,4.0,2666.0,SK Hynix,False,124.97
16.0,4.0,3200.0,Timetec,True,138.99
8.0,4.0,2133.0,Unknown,False,82.69
16.0,4.0,3200.0,Patriot,False,149.99
32.0,4.0,3200.0,Patriot,True,274.99
32.0,4.0,3600.0,G.SKILL,True,319.99
16.0,4.0,3600.0,Patriot,True,164.99
16.0,4.0,3200.0,Patriot,True,164.99
16.0,4.0,3600.0,Patriot,False,154.99
16.0,4.0,2400.0,Patriot,False,129.99
16.0,4.0,3200.0,Patriot,False,144.99
16.0,4.0,2666.0,Patriot Memory,False,134.99
8.0,4.0,3200.0,Patriot,False,76.99
16.0,4.0,3200.0,Unknown,False,173.99
32.0,4.0,3200.0,Timetec,True,235.99
16.0,4.0,3200.0,Timetec,False,126.99
16.0,4.0,3200.0,QNAP,False,189.99
16.0,4.0,2666.0,Patriot,True,128.79
16.0,4.0,3200.0,Patriot,False,149.99
16.0,3.0,2400.0,Patriot,True,185.79
16.0,4.0,2666.0,Patriot Memory,True,143.99
32.0,4.0,2666.0,Patriot Memory,True,279.99
32.0,3.0,1866.0,Patriot,True,234.28
32.0,4.0,3200.0,Unknown,False,326.99
8.0,3.0,1866.0,Patriot,True,99.07
48.0,5.0,6400.0,Patriot,True,629.99
32.0,5.0,6600.0,Patriot Memory,True,1125.4
48.0,5.0,6400.0,Patriot,True,669.99
48.0,5.0,6400.0,Patriot,True,699.99
48.0,5.0,7000.0,Patriot Memory,True,886.35
16.0,4.0,3600.0,TEAMGROUP,True,158.99
48.0,5.0,9200.0,Patriot,True,864.99
64.0,4.0,3200.0,Dell,True,742.89
16.0,4.0,3200.0,Samsung,False,136.0
64.0,4.0,3200.0,Unknown,True,742.89
16.0,4.0,3200.0,A-Tech,True,189.98
64.0,4.0,3200.0,Unknown,True,588.99
32.0,4.0,3200.0,Unknown,True,318.99
32.0,4.0,3200.0,XPG,True,378.66
32.0,4.0,3200.0,Dell,True,241.38
32.0,4.0,3200.0,A-Tech,True,299.98
16.0,4.0,3200.0,A-Tech,True,169.98
16.0,4.0,3200.0,A-Tech,True,217.88
64.0,4.0,3200.0,Unknown,True,548.99
16.0,4.0,3200.0,A-Tech,True,189.98
32.0,4.0,3200.0,A-Tech,True,299.98
64.0,4.0,3200.0,Unknown,True,616.99
32.0,4.0,3200.0,A-Tech,True,299.98
32.0,4.0,2400.0,Timetec,True,205.99
16.0,4.0,3200.0,A-Tech,True,169.98
16.0,4.0,3200.0,A-Tech,True,189.98
16.0,4.0,3200.0,A-Tech,True,189.98
32.0,4.0,3200.0,A-Tech,True,299.98
32.0,4.0,3200.0,A-Tech,True,519.98
32.0,4.0,3200.0,A-Tech,True,299.98
32.0,4.0,3200.0,A-Tech,True,299.98
32.0,4.0,3200.0,A-Tech,True,299.98
32.0,4.0,3200.0,A-Tech,True,299.98
16.0,4.0,3200.0,Patriot,False,149.99
32.0,4.0,3200.0,A-Tech,True,299.98
32.0,4.0,3200.0,A-Tech,True,299.98
32.0,4.0,3200.0,Timetec,True,239.99
32.0,4.0,3200.0,Unknown,True,249.99
32.0,4.0,3200.0,A-Tech,True,559.98
32.0,4.0,3200.0,A-Tech,True,299.98
16.0,4.0,3200.0,OWC,False,135.99
32.0,4.0,3200.0,A-Tech,True,299.98
32.0,4.0,3200.0,A-Tech,True,299.98
32.0,4.0,3200.0,A-Tech,True,299.98
32.0,4.0,3200.0,A-Tech,True,299.98
32.0,4.0,3200.0,A-Tech,True,299.98
16.0,4.0,3200.0,Adamanta,False,118.5
32.0,4.0,3200.0,A-Tech,True,299.98
32.0,4.0,3200.0,A-Tech,True,299.98
32.0,4.0,3200.0,A-Tech,True,299.98
16.0,4.0,3200.0,A-Tech,True,169.98
32.0,4.0,3200.0,OWC,True,318.38
32.0,4.0,3200.0,A-Tech,True,299.98
32.0,4.0,3200.0,A-Tech,True,299.98
32.0,4.0,3200.0,A-Tech,True,299.98
32.0,4.0,3200.0,A-Tech,True,299.98
16.0,4.0,3200.0,SK Hynix,False,146.99
32.0,4.0,3200.0,A-Tech,True,299.98
32.0,4.0,3200.0,A-Tech,True,299.98
32.0,4.0,3200.0,A-Tech,True,299.98
32.0,4.0,3200.0,A-Tech,True,299.98
32.0,4.0,3200.0,A-Tech,True,299.98
16.0,4.0,3200.0,Unknown,True,138.99
32.0,4.0,3200.0,A-Tech,True,299.98
32.0,4.0,3200.0,A-Tech,True,299.98
32.0,4.0,3200.0,A-Tech,True,299.98
32.0,4.0,3200.0,A-Tech,True,299.98
32.0,4.0,3200.0,A-Tech,True,539.98
16.0,4.0,3200.0,Dell,True,120.69
32.0,5.0,5600.0,Unknown,False,369.99
32.0,5.0,4800.0,Unknown,True,578.99
32.0,5.0,4800.0,Unknown,True,578.99
64.0,5.0,6000.0,Unknown,True,1040.99
32.0,5.0,5600.0,Unknown,True,598.99
32.0,5.0,4800.0,Unknown,True,578.99
32.0,5.0,4800.0,Unknown,True,578.99
32.0,5.0,6000.0,TEAMGROUP,True,649.99
32.0,5.0,6400.0,G.SKILL,True,559.99
64.0,5.0,6000.0,G.SKILL,True,949.99
32.0,5.0,4800.0,Unknown,True,578.99
32.0,5.0,6000.0,Patriot Memory,True,695.57
32.0,5.0,4800.0,Dell,True,578.99
32.0,5.0,4800.0,Unknown,True,578.99
32.0,5.0,6400.0,G.SKILL,True,519.99
32.0,5.0,5200.0,Unknown,True,598.99
32.0,5.0,4800.0,Unknown,True,578.99
32.0,5.0,5200.0,Unknown,True,598.99
32.0,5.0,5200.0,Unknown,True,598.99
32.0,5.0,4800.0,Unknown,True,578.99
64.0,5.0,6000.0,G.SKILL,True,1049.99
32.0,5.0,4800.0,Unknown,True,578.99
32.0,5.0,6000.0,Unknown,True,899.45
64.0,5.0,6000.0,G.SKILL,True,939.99
64.0,5.0,6000.0,G.SKILL,True,1259.99
32.0,5.0,6400.0,G.SKILL,True,549.99
64.0,5.0,6000.0,Unknown,True,998.99
64.0,5.0,6000.0,CORSAIR,True,949.99
32.0,5.0,5200.0,Unknown,True,598.99
64.0,5.0,6000.0,G.SKILL,True,1029.99
96.0,5.0,6000.0,G.SKILL,True,1349.99
32.0,5.0,6000.0,G.SKILL,True,479.99
32.0,5.0,6400.0,G.SKILL,True,539.99
16.0,5.0,6000.0,G.SKILL,True,248.49
128.0,5.0,5600.0,Unknown,True,2396.99
32.0,5.0,6400.0,TEAMGROUP,True,614.99
64.0,5.0,6000.0,G.SKILL,True,845.0
32.0,5.0,6000.0,G.SKILL,True,599.99
64.0,5.0,6000.0,G.SKILL,True,1039.99
32.0,5.0,8200.0,Unknown,True,669.99
64.0,5.0,6000.0,Unknown,True,1016.99
64.0,5.0,5200.0,G.SKILL,True,779.99
64.0,5.0,5600.0,G.SKILL,True,909.99
64.0,5.0,6400.0,G.SKILL,True,1034.99
64.0,5.0,5600.0,A-Tech,True,859.98
32.0,5.0,6800.0,Unknown,True,489.99
32.0,5.0,6400.0,Unknown,True,498.99
16.0,4.0,3200.0,Unknown,True,137.99
8.0,4.0,3200.0,Unknown,False,64.74
16.0,4.0,3200.0,G.SKILL,True,139.99
16.0,4.0,2666.0,Unknown,True,131.89
8.0,4.0,3200.0,Unknown,False,89.99
16.0,4.0,2666.0,Timetec,True,119.99
32.0,4.0,3600.0,G.SKILL,True,329.99
16.0,4.0,3600.0,Unknown,True,188.99
8.0,4.0,2400.0,A-Tech,False,73.99
16.0,4.0,3600.0,G.SKILL,True,174.99
16.0,4.0,3200.0,A-Tech,True,189.98
16.0,4.0,3200.0,G.Skill,True,429.99
32.0,4.0,2400.0,Unknown,True,263.49
8.0,4.0,2133.0,Unknown,False,62.96
32.0,4.0,3200.0,G.SKILL,True,269.99
32.0,4.0,3600.0,Unknown,True,368.99
8.0,4.0,2666.0,A-Tech,False,77.99
8.0,4.0,3200.0,A-Tech,True,124.98
16.0,4.0,3200.0,XPG,True,119.49
16.0,4.0,3200.0,A-Tech,True,227.8
8.0,4.0,2400.0,Micron,False,60.96
8.0,4.0,3200.0,SK Hynix,False,65.0
8.0,4.0,3200.0,ADATA,False,69.99
8.0,4.0,2133.0,A-Tech,False,58.99
8.0,4.0,3200.0,Unknown,False,69.99
8.0,4.0,2400.0,Unknown,False,65.99
16.0,4.0,3200.0,XPG,True,199.0
8.0,4.0,2400.0,Unknown,True,76.99
8.0,4.0,2666.0,OWC,False,73.49
16.0,3.0,2133.0,Unknown,True,51.99
8.0,4.0,3200.0,Unknown,False,69.99
8.0,4.0,2666.0,SAMSUNG,False,63.0
8.0,3.0,1600.0,Crucial,True,27.99
16.0,4.0,2666.0,OWC,True,171.12
32.0,3.0,1600.0,Timetec,True,78.99
32.0,3.0,1333.0,OWC,True,117.58
16.0,3.0,1333.0,Timetec,True,50.99
16.0,3.0,1333.0,A-Tech,True,129.4
16.0,3.0,1600.0,OWC,True,72.18
64.0,3.0,1866.0,Unknown,True,139.49
128.0,3.0,1066.0,A-Tech,True,459.23
16.0,3.0,1600.0,A-Tech,True,75.47
16.0,3.0,1600.0,Samsung,False,42.0
16.0,3.0,1600.0,A-Tech,True,83.98
16.0,3.0,1600.0,A-Tech,True,66.42
16.0,3.0,1333.0,OWC,True,72.18
16.0,4.0,2400.0,A-Tech,False,129.99
32.0,3.0,1333.0,A-Tech,True,114.8
16.0,3.0,1333.0,A-Tech,True,75.47
16.0,3.0,1333.0,Crucial,True,79.99
16.0,3.0,1600.0,A-Tech,True,67.11
16.0,3.0,1066.0,A-Tech,True,104.09
16.0,3.0,1600.0,A-Tech,True,67.11
16.0,3.0,1600.0,A-Tech,True,94.89
16.0,3.0,1600.0,A-Tech,True,83.98
16.0,3.0,1600.0,A-Tech,True,75.47
16.0,3.0,1066.0,Unknown,True,49.89
16.0,3.0,1600.0,A-Tech,True,107.87
16.0,3.0,1866.0,A-Tech,True,63.98
16.0,3.0,1333.0,A-Tech,True,90.59
16.0,3.0,1600.0,A-Tech,True,66.42
16.0,3.0,1333.0,A-Tech,True,95.39
16.0,3.0,1600.0,Lenovo,True,118.0
16.0,3.0,1333.0,A-Tech,True,75.47
128.0,3.0,1600.0,Unknown,True,276.89
16.0,3.0,1600.0,A-Tech,True,105.18
16.0,3.0,1600.0,A-Tech,True,107.87
16.0,3.0,1333.0,A-Tech,True,83.98
16.0,3.0,1866.0,A-Tech,True,63.98
16.0,3.0,1333.0,Dell,True,100.17
16.0,3.0,1600.0,A-Tech,True,75.47
16.0,3.0,1333.0,A-Tech,True,75.47
16.0,3.0,1333.0,A-Tech,True,75.47
16.0,3.0,1600.0,A-Tech,True,75.47
16.0,3.0,1600.0,A-Tech,True,75.47
16.0,3.0,1333.0,A-Tech,True,75.47
16.0,3.0,1600.0,A-Tech,True,67.11
16.0,3.0,1066.0,A-Tech,True,51.98
16.0,3.0,1333.0,A-Tech,True,75.47
16.0,3.0,1333.0,A-Tech,True,66.42
16.0,3.0,1333.0,A-Tech,True,66.42
32.0,3.0,1600.0,HP,True,104.38
16.0,3.0,1600.0,A-Tech,True,67.11
16.0,3.0,1600.0,A-Tech,True,66.42
16.0,3.0,1333.0,A-Tech,True,75.47
32.0,3.0,1600.0,A-Tech,True,114.61
16.0,3.0,1333.0,HP,True,75.47
16.0,3.0,1333.0,A-Tech,True,107.83
16.0,3.0,1333.0,A-Tech,True,75.47
16.0,3.0,1333.0,OWC,True,75.79
16.0,3.0,1866.0,A-Tech,True,70.46
16.0,3.0,1600.0,A-Tech,True,75.47
16.0,3.0,1600.0,A-Tech,True,90.59
48.0,3.0,1333.0,A-Tech,True,172.19
32.0,4.0,3200.0,Unknown,False,261.99
16.0,3.0,1600.0,A-Tech,True,129.4
16.0,3.0,1333.0,A-Tech,True,94.88
32.0,3.0,1866.0,A-Tech,True,79.98
16.0,3.0,1333.0,A-Tech,True,83.98
16.0,3.0,1600.0,A-Tech,True,75.47
16.0,3.0,1600.0,A-Tech,True,90.59
16.0,3.0,1600.0,A-Tech,True,83.98
16.0,3.0,1600.0,A-Tech,True,75.47
16.0,3.0,1600.0,A-Tech,True,75.47
16.0,4.0,3200.0,Unknown,True,137.99
16.0,3.0,1600.0,A-Tech,True,75.47
32.0,3.0,1333.0,A-Tech,True,122.96
16.0,3.0,1600.0,A-Tech,True,83.98
16.0,3.0,1600.0,A-Tech,True,75.47
16.0,3.0,1333.0,A-Tech,True,75.47
16.0,3.0,1600.0,A-Tech,True,75.47
16.0,3.0,1333.0,A-Tech,True,75.47
128.0,3.0,1866.0,A-Tech,True,375.71
16.0,3.0,1333.0,Unknown,True,43.99
16.0,4.0,2133.0,A-Tech,False,112.07
16.0,4.0,3200.0,A-Tech,False,149.99
16.0,4.0,3200.0,A-Tech,False,149.99
16.0,4.0,3200.0,Unknown,False,476.38
16.0,4.0,3200.0,A-Tech,False,135.76
16.0,4.0,2666.0,Unknown,False,131.24
16.0,4.0,2400.0,Unknown,False,129.99
16.0,4.0,3200.0,A-Tech,False,149.99
16.0,4.0,2933.0,A-Tech,False,120.74
16.0,4.0,3200.0,Unknown,False,120.69
16.0,4.0,2666.0,A-Tech,False,125.99
16.0,4.0,3200.0,Patriot Memory,False,147.99
16.0,4.0,2933.0,A-Tech,False,120.74
16.0,4.0,3200.0,Unknown,True,139.89
16.0,4.0,2400.0,Crucial,False,129.99
16.0,4.0,3200.0,OWC,False,135.99
16.0,4.0,3200.0,A-Tech,False,149.99
16.0,4.0,2666.0,A-Tech,False,125.99
32.0,4.0,2666.0,TEAMGROUP,True,320.99
16.0,4.0,2133.0,Samsung,False,131.25
16.0,4.0,2400.0,SK Hynix,False,144.99
16.0,4.0,2666.0,A-Tech,False,125.99
32.0,4.0,2666.0,Unknown,True,256.99
16.0,4.0,2400.0,Unknown,True,106.99
16.0,4.0,3200.0,OWC,False,135.99
16.0,4.0,2666.0,SK Hynix,True,143.5
16.0,4.0,2400.0,SK Hynix,False,89.85
16.0,4.0,2400.0,Unknown,True,112.99
16.0,4.0,3200.0,A-Tech,False,149.99
16.0,4.0,3200.0,Unknown,True,139.89
16.0,4.0,2133.0,Timetec,True,119.99
16.0,4.0,2666.0,Unknown,True,131.89
4.0,4.0,3200.0,MICRON,False,28.7
16.0,4.0,2400.0,Unknown,False,124.02
16.0,4.0,3200.0,A-Tech,True,169.98
16.0,4.0,3200.0,Samsung,False,149.5
16.0,4.0,3200.0,HP,False,125.0
16.0,4.0,2666.0,Samsung,False,129.5
16.0,4.0,2133.0,Crucial,False,129.75
16.0,4.0,2666.0,A-Tech,False,125.99
16.0,4.0,2400.0,OWC,False,135.99
16.0,4.0,2666.0,Unknown,True,110.0
16.0,4.0,2666.0,A-Tech,False,125.99
16.0,4.0,3200.0,OWC,False,135.99
16.0,4.0,2666.0,A-Tech,True,155.98
32.0,4.0,3200.0,Unknown,True,284.99
16.0,4.0,2666.0,Timetec,True,105.99
16.0,4.0,2400.0,Unknown,False,109.97
32.0,4.0,2400.0,A-Tech,True,259.98
16.0,4.0,2400.0,Adamanta,False,135.5
16.0,4.0,3200.0,OWC,True,171.12
32.0,4.0,2400.0,A-Tech,True,259.98
32.0,4.0,2666.0,A-Tech,True,251.98
16.0,4.0,3200.0,HP,False,131.0
16.0,4.0,3200.0,A-Tech,True,169.98
16.0,4.0,2400.0,Crucial,True,117.0
32.0,5.0,4800.0,A-Tech,False,419.99
32.0,5.0,5600.0,Dell,False,599.99
32.0,5.0,4800.0,Adamanta,False,465.5
32.0,5.0,4800.0,Dell,False,465.5
32.0,5.0,4800.0,Unknown,False,589.99
32.0,5.0,5600.0,Unknown,False,563.6
32.0,5.0,4800.0,Adamanta,False,435.5
32.0,5.0,5600.0,A-Tech,False,459.99
32.0,5.0,5600.0,Unknown,False,512.99
64.0,5.0,5600.0,Unknown,True,799.0
32.0,5.0,4800.0,A-Tech,False,449.99
64.0,5.0,5600.0,OWC,True,1196.38
32.0,5.0,5600.0,Kingston,False,547.95
32.0,5.0,4800.0,Adamanta,False,435.5
32.0,5.0,4800.0,A-Tech,False,419.99
32.0,5.0,5600.0,A-Tech,True,479.98
32.0,5.0,5600.0,A-Tech,True,479.98
32.0,5.0,5600.0,A-Tech,True,479.98
32.0,5.0,4800.0,Adamanta,False,465.5
32.0,5.0,5600.0,A-Tech,False,459.99
32.0,5.0,4800.0,A-Tech,False,419.99
32.0,5.0,4800.0,A-Tech,True,499.98
32.0,5.0,5200.0,A-Tech,True,439.98
32.0,5.0,4800.0,A-Tech,True,499.98
32.0,5.0,4800.0,A-Tech,False,449.99
32.0,5.0,5600.0,Adamanta,False,460.5
32.0,5.0,4800.0,A-Tech,True,499.98
32.0,5.0,4800.0,A-Tech,False,449.99
32.0,5.0,5600.0,Lenovo,False,547.95
32.0,5.0,5200.0,Unknown,True,598.99
32.0,5.0,5200.0,A-Tech,True,440.98
32.0,5.0,5600.0,Dell,True,598.99
32.0,5.0,4800.0,OWC,False,599.99
32.0,5.0,5200.0,A-Tech,True,440.98
64.0,5.0,5600.0,A-Tech,True,919.98
32.0,5.0,4800.0,A-Tech,False,449.99
32.0,5.0,4800.0,A-Tech,False,449.99
32.0,5.0,5600.0,A-Tech,False,459.99
32.0,5.0,5600.0,A-Tech,False,459.99
32.0,5.0,6400.0,Samsung,True,579.0
64.0,5.0,5600.0,Unknown,True,998.99
32.0,5.0,5600.0,Unknown,True,669.99
32.0,5.0,5600.0,A-Tech,True,479.98
32.0,5.0,4800.0,Adamanta,False,465.5
32.0,5.0,5600.0,A-Tech,True,499.98
32.0,5.0,5600.0,A-Tech,True,499.98
32.0,5.0,5200.0,A-Tech,True,491.59
32.0,5.0,4800.0,A-Tech,True,499.98
32.0,5.0,4800.0,A-Tech,False,409.99
64.0,5.0,5600.0,A-Tech,True,919.98
32.0,5.0,5200.0,A-Tech,True,440.98
64.0,5.0,4800.0,A-Tech,True,899.98
64.0,5.0,4800.0,A-Tech,True,899.98
64.0,5.0,4800.0,Dell,True,1438.99
32.0,5.0,4800.0,A-Tech,True,499.98
32.0,5.0,5600.0,A-Tech,True,499.98
32.0,5.0,6400.0,Crucial,False,813.51
64.0,5.0,4800.0,A-Tech,True,899.98
32.0,5.0,5200.0,A-Tech,False,459.99
32.0,5.0,4800.0,A-Tech,True,519.98
32.0,5.0,5600.0,A-Tech,True,479.98
64.0,5.0,4800.0,A-Tech,True,899.98
32.0,5.0,5600.0,A-Tech,True,479.98
32.0,5.0,5600.0,A-Tech,True,479.98
64.0,5.0,5600.0,Unknown,True,1454.99
64.0,5.0,4800.0,OWC,True,1910.38
64.0,5.0,4800.0,A-Tech,True,899.98
32.0,5.0,5600.0,A-Tech,True,479.98
32.0,5.0,5600.0,A-Tech,True,499.98
32.0,5.0,5600.0,A-Tech,True,479.98
128.0,5.0,5200.0,OWC,True,2390.36
8.0,3.0,1600.0,A-Tech,False,29.76
8.0,3.0,1600.0,A-Tech,False,29.76
8.0,3.0,1600.0,Unknown,False,26.0
32.0,3.0,1600.0,Timetec,True,78.99
8.0,3.0,1600.0,A-Tech,False,37.75
8.0,3.0,1600.0,Unknown,False,39.99
16.0,3.0,1600.0,Dell,True,79.99
8.0,3.0,1600.0,A-Tech,False,29.76
8.0,3.0,1600.0,A-Tech,False,31.86
8.0,3.0,1600.0,A-Tech,False,31.86
8.0,3.0,1333.0,A-Tech,False,35.22
8.0,3.0,1600.0,Dell,False,39.99
16.0,3.0,1866.0,OWC,True,72.18
8.0,3.0,1600.0,A-Tech,False,29.76
8.0,3.0,1600.0,A-Tech,False,24.95
8.0,3.0,1600.0,A-Tech,False,37.75
8.0,3.0,1600.0,A-Tech,False,37.75
8.0,3.0,1600.0,A-Tech,False,29.5
8.0,3.0,1600.0,A-Tech,False,37.75
8.0,3.0,1600.0,Unknown,False,24.99
16.0,3.0,1600.0,Unknown,True,72.95
8.0,3.0,1600.0,A-Tech,False,29.76
8.0,3.0,1600.0,Lenovo,False,27.99
8.0,3.0,1600.0,HP,False,44.95
16.0,3.0,1600.0,OWC,True,72.18
8.0,3.0,1600.0,A-Tech,False,37.75
8.0,3.0,1600.0,Dell,False,24.99
8.0,3.0,1600.0,OWC,False,37.99
8.0,3.0,1600.0,Samsung,True,59.85
8.0,3.0,1600.0,A-Tech,False,37.75
8.0,3.0,1600.0,Dell,False,39.99
16.0,3.0,1600.0,Unknown,True,79.99
8.0,3.0,1600.0,A-Tech,False,37.75
8.0,3.0,1866.0,A-Tech,True,63.92
16.0,3.0,1600.0,Unknown,True,79.99
16.0,3.0,1600.0,HP,True,79.99
16.0,3.0,1600.0,Unknown,True,79.99
16.0,3.0,1600.0,Unknown,True,79.99
16.0,3.0,1600.0,A-Tech,True,75.47
8.0,3.0,1600.0,A-Tech,True,87.15
16.0,3.0,1600.0,A-Tech,True,75.47
8.0,3.0,1600.0,A-Tech,False,29.76
8.0,3.0,1333.0,A-Tech,True,82.3
8.0,3.0,1600.0,A-Tech,False,37.75
8.0,3.0,1600.0,A-Tech,False,37.75
8.0,3.0,1600.0,A-Tech,False,37.75
8.0,3.0,1600.0,A-Tech,False,37.75
32.0,3.0,1333.0,A-Tech,True,103.96
8.0,3.0,1866.0,A-Tech,True,143.81
8.0,3.0,1600.0,A-Tech,False,37.75
16.0,3.0,1600.0,A-Tech,True,66.42
8.0,3.0,1333.0,Crucial,False,39.0
8.0,3.0,1600.0,Unknown,False,24.98
8.0,3.0,1600.0,A-Tech,True,57.21
8.0,3.0,1600.0,Lenovo,False,24.99
8.0,3.0,1600.0,A-Tech,False,37.75
8.0,3.0,1600.0,A-Tech,False,37.75
8.0,3.0,1600.0,A-Tech,False,37.75
8.0,3.0,1866.0,A-Tech,False,37.75
8.0,3.0,1600.0,A-Tech,False,37.75
8.0,3.0,1600.0,A-Tech,False,37.75
8.0,3.0,1866.0,A-Tech,False,37.75
16.0,3.0,1600.0,A-Tech,True,66.42
4.0,3.0,1600.0,Timetec,False,12.99
32.0,3.0,1600.0,Timetec,True,78.99
8.0,3.0,1333.0,Crucial,True,39.59
8.0,3.0,1600.0,Crucial,False,28.99
4.0,4.0,2666.0,Micron,False,46.11
32.0,4.0,2666.0,Timetec,True,205.99
16.0,4.0,2666.0,Samsung,False,129.97
32.0,4.0,3200.0,Samsung,False,292.99
16.0,4.0,2666.0,Samsung,False,127.99
32.0,4.0,3200.0,Kingston,False,242.46
16.0,4.0,2666.0,Unknown,False,156.98
32.0,4.0,3200.0,Unknown,True,213.97
32.0,4.0,3200.0,G.SKILL,True,319.99
32.0,4.0,2666.0,Unknown,True,199.99
16.0,4.0,3200.0,G.SKILL,False,124.8
16.0,4.0,3200.0,HP,False,169.99
8.0,4.0,2400.0,Unknown,False,60.99
32.0,4.0,3000.0,G.SKILL,True,259.99
32.0,4.0,3200.0,G.SKILL,True,269.99
16.0,4.0,3000.0,G.SKILL,True,174.99
32.0,4.0,2666.0,G.SKILL,True,259.99
32.0,4.0,4000.0,G.SKILL,True,319.99
8.0,4.0,2666.0,A-Tech,False,68.99
16.0,4.0,2666.0,Samsung,True,129.96
8.0,4.0,2133.0,Samsung,False,77.99
8.0,4.0,2400.0,Samsung,False,79.99
8.0,4.0,2666.0,Samsung,False,69.99
8.0,4.0,2666.0,Samsung,False,65.99
8.0,4.0,2133.0,Samsung,False,77.99
8.0,4.0,2400.0,A-Tech,False,49.59
8.0,4.0,2133.0,Samsung,False,77.99
8.0,4.0,2666.0,A-Tech,False,68.99
8.0,4.0,2133.0,A-Tech,False,63.99
8.0,4.0,2400.0,Samsung,False,66.88
8.0,4.0,2666.0,A-Tech,False,129.99
8.0,4.0,3200.0,Samsung,False,69.99
8.0,4.0,2133.0,A-Tech,False,92.39
8.0,4.0,2400.0,Samsung,False,65.99
8.0,4.0,2400.0,A-Tech,False,62.36
8.0,4.0,2933.0,A-Tech,False,121.31
8.0,4.0,3200.0,A-Tech,False,142.39
8.0,4.0,3200.0,A-Tech,False,144.99
8.0,4.0,2400.0,Samsung,False,65.99
4.0,4.0,2666.0,Samsung,False,35.74
8.0,4.0,2400.0,Timetec,False,59.99
128.0,4.0,2666.0,Samsung,False,949.99
8.0,4.0,3200.0,OWC,False,69.99
8.0,4.0,3200.0,OWC,False,69.99
8.0,4.0,3200.0,SK Hynix,True,38.0
8.0,4.0,3200.0,OWC,False,69.99
8.0,4.0,2666.0,SK Hynix,False,64.47
32.0,4.0,2666.0,OWC,True,291.02
8.0,4.0,3200.0,Unknown,False,73.99
8.0,4.0,3200.0,G.SKILL,False,79.99
8.0,4.0,3200.0,Timetec,True,55.99
8.0,4.0,3200.0,Timetec,False,64.99
8.0,5.0,5600.0,Samsung,False,120.5
8.0,4.0,3200.0,SK Hynix,False,78.99
8.0,3.0,1600.0,Samsung,False,36.0
8.0,5.0,4800.0,Samsung,False,125.0
8.0,4.0,3200.0,SK Hynix,False,64.99
16.0,4.0,3200.0,Timetec,True,137.99
16.0,4.0,2666.0,Unknown,True,116.99
32.0,4.0,3200.0,Dell,False,449.99
32.0,5.0,4800.0,Unknown,False,1099.0
32.0,4.0,3200.0,OWC,True,358.9
32.0,4.0,2666.0,Unknown,False,299.95
32.0,4.0,2933.0,HP,False,419.99
32.0,4.0,2400.0,Dell,True,267.49
32.0,4.0,2400.0,Unknown,True,257.89
128.0,4.0,2133.0,OWC,True,1314.68
64.0,4.0,2666.0,Unknown,True,599.49
32.0,4.0,3200.0,Unknown,True,392.99
32.0,4.0,2666.0,Unknown,False,299.95
32.0,5.0,5600.0,OWC,False,999.99
32.0,4.0,3200.0,A-Tech,False,489.99
256.0,4.0,2666.0,A-Tech,True,2399.92
32.0,4.0,2933.0,Dell,False,419.99
32.0,4.0,2666.0,A-Tech,False,299.99
32.0,4.0,2400.0,Dell,False,251.98
32.0,4.0,2133.0,A-Tech,False,239.99
32.0,4.0,3200.0,A-Tech,False,489.99
32.0,4.0,2400.0,A-Tech,False,299.99
32.0,4.0,2666.0,A-Tech,False,279.99
32.0,5.0,4800.0,Dell,False,1099.0
32.0,4.0,1866.0,Unknown,False,249.99
32.0,4.0,2400.0,Unknown,True,257.89
32.0,5.0,4800.0,A-Tech,False,989.99
32.0,5.0,4800.0,Unknown,True,1078.99
32.0,5.0,4800.0,Lenovo,False,1295.95
384.0,5.0,4800.0,Unknown,True,11389.99
32.0,4.0,2666.0,Dell,True,287.49
512.0,5.0,4800.0,Dell,True,17171.89
32.0,4.0,3200.0,Unknown,False,494.45
32.0,4.0,2933.0,OWC,True,338.96
128.0,4.0,2933.0,Dell,True,1676.99
128.0,4.0,2666.0,A-Tech,True,1199.96
32.0,4.0,2666.0,A-Tech,False,299.99
128.0,4.0,2666.0,Unknown,True,1197.89
32.0,4.0,2666.0,A-Tech,False,299.99
32.0,4.0,2666.0,Unknown,True,279.49
32.0,4.0,2933.0,Dell,True,347.49
32.0,5.0,4800.0,Unknown,False,1099.0
32.0,5.0,4800.0,Unknown,False,1099.0
256.0,4.0,3200.0,OWC,True,2626.72
32.0,3.0,1333.0,Unknown,True,82.5
32.0,3.0,1866.0,Unknown,True,89.01
32.0,5.0,6400.0,Unknown,False,1488.0
64.0,4.0,3200.0,Dell,True,898.99
32.0,5.0,4800.0,Dell,True,1078.99
32.0,4.0,2133.0,Timetec,True,203.99
32.0,4.0,2400.0,A-Tech,False,269.99
32.0,5.0,4800.0,Unknown,False,1099.0
32.0,4.0,1866.0,Unknown,False,249.99
32.0,4.0,2666.0,OWC,False,329.99
256.0,5.0,4800.0,OWC,True,7880.32
32.0,4.0,2933.0,Dell,True,376.99
32.0,5.0,5600.0,Unknown,False,1298.0
128.0,4.0,2666.0,A-Tech,True,1199.96
32.0,5.0,4800.0,Dell,False,1099.0
256.0,4.0,2400.0,A-Tech,True,2399.92
128.0,5.0,6400.0,Unknown,True,5941.49
32.0,4.0,2400.0,Lenovo,False,499.95
32.0,5.0,4800.0,Lenovo,False,1295.95
32.0,4.0,2133.0,A-Tech,True,259.98
64.0,4.0,3200.0,Unknown,True,898.99
32.0,3.0,1333.0,A-Tech,True,109.33
32.0,3.0,1600.0,Unknown,True,79.0
32.0,3.0,1066.0,OWC,True,112.76
32.0,4.0,2666.0,A-Tech,True,301.14
32.0,4.0,2400.0,A-Tech,False,299.99
32.0,4.0,2666.0,A-Tech,False,299.99
32.0,4.0,3200.0,A-Tech,False,509.99
32.0,3.0,1333.0,A-Tech,True,114.8
32.0,4.0,2933.0,Unknown,True,376.99
32.0,5.0,5600.0,Unknown,True,1118.99
32.0,4.0,2666.0,A-Tech,True,239.98
32.0,4.0,3200.0,A-Tech,True,299.98
32.0,4.0,3200.0,A-Tech,True,299.98
16.0,4.0,3200.0,A-Tech,True,189.98
16.0,4.0,3200.0,Unknown,True,139.99
32.0,4.0,3200.0,A-Tech,True,299.98
32.0,4.0,3200.0,A-Tech,True,299.98
16.0,4.0,3200.0,Timetec,False,117.99
16.0,4.0,3200.0,A-Tech,True,169.98
16.0,4.0,3200.0,A-Tech,True,169.98
16.0,4.0,3200.0,A-Tech,True,189.98
16.0,4.0,3200.0,A-Tech,True,189.98
32.0,4.0,3200.0,A-Tech,True,299.98
32.0,4.0,3200.0,A-Tech,True,519.98
32.0,4.0,3200.0,A-Tech,True,299.98
16.0,4.0,3200.0,OWC,False,159.99
64.0,4.0,3200.0,Unknown,True,456.99
16.0,4.0,2400.0,Timetec,True,117.99
16.0,4.0,3200.0,A-Tech,True,169.98
64.0,4.0,3200.0,Unknown,True,528.99
32.0,4.0,3200.0,A-Tech,True,299.98
16.0,4.0,3600.0,Unknown,True,143.99
32.0,4.0,3200.0,PNY,True,249.99
32.0,4.0,3200.0,A-Tech,True,299.98
16.0,4.0,2400.0,Timetec,True,117.99
64.0,4.0,3200.0,OWC,True,681.04
16.0,4.0,2666.0,Unknown,True,125.99
32.0,4.0,3200.0,A-Tech,True,299.98
32.0,4.0,3200.0,Unknown,True,229.97
64.0,4.0,3200.0,OWC,True,717.08
32.0,4.0,3200.0,Unknown,True,378.99
32.0,4.0,3200.0,A-Tech,True,299.98
16.0,4.0,3200.0,A-Tech,True,175.98
16.0,4.0,3200.0,A-Tech,True,169.98
16.0,4.0,3200.0,Unknown,True,149.99
16.0,4.0,3200.0,Unknown,False,119.0
32.0,4.0,3200.0,A-Tech,True,299.98
16.0,4.0,3200.0,Unknown,True,196.99
32.0,4.0,3200.0,A-Tech,True,299.98
32.0,4.0,3200.0,Unknown,True,340.99
32.0,4.0,3200.0,Unknown,True,268.99
16.0,4.0,3200.0,Unknown,True,178.99
64.0,4.0,3200.0,Unknown,True,756.99
16.0,4.0,3200.0,Unknown,True,139.89
32.0,4.0,3200.0,A-Tech,True,271.98
32.0,4.0,3200.0,A-Tech,True,299.98
32.0,4.0,3200.0,A-Tech,True,299.98
64.0,4.0,2666.0,Dell,True,574.89
32.0,4.0,3200.0,A-Tech,True,299.98
32.0,4.0,3200.0,A-Tech,True,299.98
16.0,4.0,3200.0,A-Tech,True,189.98
128.0,4.0,3200.0,Unknown,True,1475.49
32.0,4.0,3200.0,DELL,True,378.99
32.0,4.0,3200.0,A-Tech,True,299.98
16.0,4.0,3200.0,A-Tech,True,169.98
32.0,4.0,3200.0,A-Tech,True,299.98
16.0,4.0,3200.0,SK Hynix,False,146.99
96.0,5.0,6000.0,G.SKILL,True,1249.99
32.0,5.0,7200.0,G.SKILL,True,559.99
32.0,5.0,6000.0,G.SKILL,True,749.99
32.0,5.0,6400.0,G.SKILL,True,549.99
64.0,5.0,5600.0,G.SKILL,True,799.99
64.0,5.0,6000.0,G.SKILL,True,1299.99
64.0,5.0,6000.0,G.SKILL,True,894.99
32.0,5.0,6000.0,Unknown,True,449.97
64.0,5.0,6000.0,G.SKILL,True,954.99
32.0,5.0,4800.0,G.SKILL,True,439.99
32.0,5.0,7200.0,G.SKILL,True,589.99
64.0,5.0,6000.0,Unknown,True,1099.99
64.0,5.0,6000.0,CORSAIR,True,1049.99
64.0,5.0,6000.0,G.SKILL,True,908.0
64.0,5.0,6400.0,G.SKILL,True,974.99
64.0,5.0,5600.0,A-Tech,True,879.98
64.0,5.0,6400.0,G.Skill,True,938.8
64.0,5.0,6000.0,Kingston,True,884.98
64.0,5.0,6400.0,G.SKILL,True,1019.99
16.0,5.0,6000.0,TEAMGROUP,False,305.99
32.0,5.0,6400.0,Crucial,True,693.94
32.0,5.0,5600.0,CORSAIR,True,434.99
128.0,5.0,4800.0,Dell,True,2356.99
192.0,5.0,6000.0,G.SKILL,True,2499.99
128.0,5.0,6000.0,G.SKILL,True,2019.99
256.0,5.0,6000.0,G.SKILL,True,3689.99
16.0,5.0,6000.0,Crucial,False,234.99
32.0,5.0,6800.0,G.SKILL,True,519.99
32.0,5.0,6000.0,Corsair,True,489.0
16.0,5.0,5200.0,CORSAIR,True,252.99
48.0,5.0,8000.0,G.SKILL,True,619.99
32.0,5.0,5600.0,Unknown,True,598.99
96.0,5.0,6000.0,G.SKILL,True,1269.99
128.0,5.0,5600.0,Unknown,True,2396.99
128.0,5.0,5600.0,Unknown,True,2396.99
128.0,5.0,5600.0,Unknown,True,2396.99
32.0,5.0,5600.0,Unknown,True,598.99
32.0,5.0,5600.0,Unknown,True,598.99
128.0,5.0,5600.0,Unknown,True,2396.99
64.0,5.0,5600.0,Unknown,True,1198.99
32.0,5.0,5600.0,Dell,True,598.99
16.0,5.0,6000.0,G.SKILL,False,244.99
32.0,5.0,6000.0,Unknown,True,488.99
16.0,5.0,5600.0,Unknown,False,195.99
64.0,5.0,4800.0,Patriot Memory,True,1269.31
32.0,5.0,6400.0,G.SKILL,True,509.99
16.0,4.0,2666.0,OWC,True,171.12
8.0,3.0,1600.0,A-Tech,False,23.31
16.0,4.0,2666.0,A-Tech,True,139.98
8.0,4.0,2666.0,A-Tech,False,82.99
32.0,3.0,1866.0,Unknown,True,99.99
16.0,5.0,5600.0,Patriot,True,241.99
4.0,4.0,3200.0,Samsung,False,27.39
8.0,3.0,1600.0,Patriot,True,28.99
32.0,4.0,3200.0,Unknown,True,215.99
16.0,4.0,2666.0,OWC,False,159.99
16.0,4.0,2400.0,OWC,False,142.79
16.0,5.0,5600.0,TEAMGROUP,True,296.99
16.0,4.0,2400.0,Unknown,True,121.75
32.0,4.0,3200.0,Unknown,False,226.99
8.0,4.0,3200.0,SK Hynix,False,68.0
8.0,4.0,3200.0,A-Tech,False,84.99
16.0,4.0,2666.0,A-Tech,True,129.98
16.0,4.0,2133.0,A-Tech,True,145.98
16.0,4.0,2400.0,A-Tech,True,139.98
8.0,4.0,3200.0,A-Tech,False,84.99
8.0,4.0,2666.0,A-Tech,False,72.99
32.0,4.0,2666.0,OWC,True,277.16
8.0,4.0,3200.0,Dell,False,69.99
32.0,3.0,1866.0,A-Tech,True,114.8
16.0,3.0,1333.0,A-Tech,True,75.47
16.0,3.0,1600.0,A-Tech,True,66.42
16.0,3.0,1333.0,OWC,True,64.58
16.0,3.0,1600.0,A-Tech,True,75.47
16.0,3.0,1600.0,A-Tech,True,75.47
16.0,3.0,1600.0,A-Tech,True,75.47
16.0,3.0,1333.0,A-Tech,True,75.47
16.0,3.0,1600.0,Crucial,False,154.99
16.0,3.0,1600.0,A-Tech,True,83.98
64.0,3.0,1600.0,A-Tech,True,159.96
64.0,3.0,1600.0,A-Tech,True,229.63
16.0,3.0,1333.0,Kingston,True,118.9
16.0,3.0,1600.0,A-Tech,True,75.47
16.0,3.0,1600.0,A-Tech,True,75.47
16.0,3.0,1600.0,Unknown,True,79.99
16.0,3.0,1600.0,A-Tech,True,83.98
16.0,3.0,1333.0,Unknown,True,43.99
16.0,3.0,1600.0,A-Tech,True,90.58
16.0,3.0,1600.0,Unknown,False,69.99
16.0,3.0,1600.0,A-Tech,True,75.47
32.0,3.0,1066.0,Unknown,True,40.0
16.0,3.0,1600.0,A-TECH,True,75.47
16.0,3.0,1600.0,Lenovo,True,83.98
16.0,3.0,1600.0,Unknown,False,78.36
16.0,3.0,1333.0,A-Tech,True,167.04
16.0,3.0,1866.0,A-Tech,True,58.71
16.0,4.0,2400.0,Timetec,True,117.99
16.0,3.0,1600.0,A-Tech,True,83.98
16.0,3.0,1600.0,A-Tech,True,83.98
128.0,3.0,1066.0,A-Tech,True,417.46
64.0,3.0,1066.0,A-Tech,True,229.63
16.0,3.0,1600.0,A-Tech,True,83.98
128.0,3.0,1600.0,A-Tech,True,459.23
16.0,3.0,1333.0,A-Tech,True,75.47
16.0,3.0,1600.0,Crucial,True,52.99
32.0,3.0,1866.0,Unknown,True,99.95
32.0,3.0,1600.0,Unknown,True,99.99
4.0,3.0,1600.0,Unknown,False,9.99
32.0,3.0,1333.0,Timetec,True,78.99
32.0,4.0,2400.0,Timetec,True,206.99
16.0,4.0,2666.0,Timetec,True,117.99
16.0,3.0,1600.0,A-Tech,True,75.47
16.0,3.0,1600.0,A-Tech,True,75.47
64.0,3.0,1333.0,OWC,True,235.16
32.0,3.0,1066.0,OWC,True,117.58
16.0,3.0,1333.0,A-Tech,True,100.17
8.0,3.0,1600.0,Timetec,False,23.99
16.0,3.0,1066.0,A-Tech,True,89.82
16.0,3.0,1600.0,A-Tech,True,100.17
16.0,3.0,1600.0,A-Tech,True,75.47
16.0,3.0,1600.0,A-Tech,True,75.47
32.0,3.0,1866.0,OWC,True,117.58
16.0,3.0,1600.0,A-Tech,True,75.47
32.0,3.0,1333.0,Dell,True,52.0
16.0,3.0,1600.0,A-Tech,True,75.47
16.0,3.0,1600.0,A-Tech,True,83.98
16.0,3.0,1600.0,Unknown,True,50.0
64.0,3.0,1600.0,Kingston,True,198.99
32.0,3.0,1333.0,Dell,True,114.8
32.0,3.0,1333.0,OWC,True,117.58
16.0,3.0,1333.0,A-Tech,True,129.43
16.0,3.0,1600.0,A-Tech,True,83.98
16.0,3.0,1333.0,A-Tech,True,90.59
16.0,3.0,1333.0,Unknown,True,59.49
16.0,3.0,1600.0,A-Tech,True,75.47
16.0,3.0,1600.0,A-Tech,True,75.47
128.0,3.0,1600.0,A-Tech,True,459.23
16.0,3.0,1600.0,A-Tech,True,83.98
16.0,3.0,1600.0,A-Tech,True,75.47
16.0,3.0,1600.0,A-Tech,True,75.47
16.0,3.0,1600.0,A-Tech,True,83.98
16.0,3.0,1600.0,A-Tech,True,129.4
16.0,3.0,1600.0,A-Tech,True,83.98
16.0,3.0,1600.0,A-Tech,True,75.47
16.0,3.0,1600.0,Unknown,True,49.99
32.0,4.0,2666.0,G.SKILL,True,234.99
16.0,4.0,3200.0,A-Tech,True,169.98
16.0,4.0,3200.0,A-Tech,True,169.98
16.0,4.0,2666.0,Unknown,True,158.99
32.0,4.0,2666.0,A-Tech,True,251.98
16.0,4.0,2666.0,SK HYNIX,False,129.0
16.0,4.0,2666.0,OWC,False,135.99
32.0,4.0,2666.0,A-Tech,True,251.98
16.0,4.0,2666.0,Unknown,False,156.98
16.0,4.0,2133.0,A-Tech,True,133.98
32.0,4.0,2666.0,OWC,True,318.38
32.0,4.0,2133.0,A-Tech,True,359.98
4.0,4.0,3200.0,SK Hynix,False,24.9
16.0,4.0,2400.0,Dell,False,128.0
16.0,4.0,2666.0,A-Tech,False,125.99
32.0,4.0,2666.0,OWC,True,284.15
16.0,4.0,2400.0,A-Tech,True,147.98
16.0,4.0,2400.0,A-Tech,False,129.99
32.0,4.0,3200.0,A-Tech,True,299.98
16.0,5.0,5600.0,Crucial,False,219.99
32.0,5.0,4800.0,CORSAIR,True,409.99
32.0,4.0,3200.0,A-Tech,True,299.98
16.0,4.0,3200.0,Micron,True,149.75
16.0,4.0,2666.0,A-Tech,False,125.99
16.0,4.0,2666.0,A-Tech,False,125.99
16.0,4.0,2666.0,A-Tech,False,125.99
16.0,4.0,2666.0,Unknown,False,156.98
16.0,4.0,3200.0,A-Tech,False,129.19
16.0,5.0,4800.0,Crucial,False,249.99
16.0,4.0,3200.0,Dell,False,120.69
16.0,4.0,3200.0,A-Tech,False,149.99
16.0,4.0,2400.0,A-Tech,True,139.98
16.0,4.0,2666.0,A-Tech,False,125.99
16.0,4.0,2666.0,A-Tech,False,125.99
16.0,4.0,2666.0,A-Tech,False,125.99
16.0,4.0,2666.0,A-Tech,False,125.99
16.0,4.0,2133.0,A-Tech,False,131.86
16.0,4.0,3200.0,A-Tech,False,149.99
16.0,4.0,2666.0,G.SKILL,False,199.77
16.0,4.0,2666.0,A-Tech,False,125.99
16.0,4.0,2666.0,A-Tech,True,145.98
16.0,4.0,2133.0,A-Tech,False,110.24
16.0,4.0,2666.0,Unknown,False,156.98
16.0,4.0,2400.0,A-Tech,True,147.98
16.0,4.0,3200.0,A-Tech,False,149.99
32.0,4.0,3200.0,A-Tech,True,299.98
32.0,4.0,2400.0,Unknown,True,258.99
32.0,5.0,5600.0,Dell,False,547.95
32.0,5.0,4800.0,A-Tech,True,499.98
64.0,5.0,5600.0,A-Tech,True,919.98
64.0,5.0,5600.0,Adamanta,True,1020.0
64.0,5.0,4800.0,HP,True,930.0
64.0,5.0,5600.0,A-Tech,True,919.98
32.0,5.0,5200.0,A-Tech,True,440.98
32.0,5.0,5600.0,Unknown,True,470.06
64.0,5.0,5600.0,Adamanta,True,1020.0
64.0,5.0,4800.0,HP,True,930.0
32.0,5.0,4800.0,Patriot,True,399.99
32.0,5.0,5600.0,Micron,False,727.99
16.0,5.0,4800.0,Samsung,False,191.99
128.0,5.0,5600.0,OWC,True,3983.96
32.0,5.0,5600.0,Kingston,False,399.99
64.0,5.0,5600.0,Kingston,True,998.77
32.0,5.0,6000.0,G.SKILL,True,509.99
32.0,5.0,7200.0,TEAMGROUP,True,549.99
32.0,5.0,5600.0,A-Tech,False,849.99
32.0,5.0,5600.0,Unknown,True,498.99
32.0,5.0,4800.0,OWC,False,959.99
32.0,5.0,4800.0,Patriot Memory,False,329.95
32.0,5.0,5600.0,G.SKILL,True,449.99
128.0,5.0,4800.0,A-Tech,True,3519.96
32.0,5.0,5200.0,A-Tech,True,461.98
32.0,4.0,3200.0,PNY,True,234.99
32.0,5.0,6000.0,TEAMGROUP,True,489.99
32.0,3.0,1600.0,Unknown,True,87.89
32.0,4.0,2666.0,Unknown,False,299.95
64.0,5.0,5600.0,Samsung,True,1399.0
16.0,5.0,5600.0,TEAMGROUP,False,296.99
64.0,4.0,3200.0,Dell,True,678.99
64.0,5.0,5600.0,A-Tech,True,919.98
32.0,5.0,4800.0,A-Tech,False,419.99
32.0,5.0,4800.0,A-Tech,False,419.99
32.0,5.0,4800.0,A-Tech,False,419.99
32.0,5.0,4800.0,Lenovo,True,578.99
32.0,5.0,4800.0,A-Tech,False,449.99
32.0,5.0,5600.0,Lenovo,False,547.95
32.0,5.0,6000.0,G.SKILL,True,499.99
32.0,5.0,5600.0,HP,False,547.95
32.0,5.0,5600.0,Lenovo,False,547.95
32.0,5.0,4800.0,A-Tech,False,449.99
32.0,5.0,4800.0,A-Tech,False,449.99
64.0,5.0,5600.0,A-Tech,True,919.98
32.0,5.0,5600.0,Dell,False,547.95
32.0,5.0,5600.0,Dell,False,727.99
32.0,5.0,4800.0,Unknown,False,429.99
64.0,5.0,5600.0,A-Tech,True,919.98
32.0,5.0,4800.0,OWC,False,599.99
32.0,5.0,4800.0,A-Tech,True,499.98
64.0,5.0,4800.0,Unknown,True,1438.99
32.0,5.0,4800.0,Unknown,True,359.99
32.0,5.0,4800.0,Adamanta,False,435.5
32.0,5.0,4800.0,Unknown,False,429.99
32.0,5.0,5600.0,A-Tech,False,459.99
32.0,5.0,5200.0,A-Tech,False,459.99
32.0,5.0,5600.0,A-Tech,False,459.99
32.0,5.0,4800.0,A-Tech,False,419.99
64.0,5.0,4800.0,Dell,True,930.0
32.0,5.0,4800.0,A-Tech,True,519.98
16.0,3.0,1600.0,A-Tech,True,75.47
16.0,3.0,1600.0,A-Tech,True,75.47
16.0,3.0,1333.0,Unknown,True,40.99
8.0,3.0,1600.0,Unknown,False,25.0
8.0,3.0,1600.0,OWC,False,33.99
8.0,3.0,1600.0,Micron,False,42.85
8.0,3.0,1600.0,SK Hynix,True,48.97
16.0,3.0,1066.0,Adamanta,True,45.0
8.0,3.0,1600.0,A-Tech,False,31.99
16.0,3.0,1600.0,Crucial,True,44.0
16.0,3.0,1600.0,Unknown,True,40.99
4.0,3.0,1600.0,Unknown,False,9.99
16.0,3.0,1600.0,A-Tech,True,73.81
8.0,3.0,1600.0,A-Tech,False,31.99
8.0,3.0,1600.0,A-Tech,False,26.82
16.0,3.0,1600.0,A-Tech,True,75.47
8.0,3.0,1600.0,Dell,False,44.0
32.0,3.0,1600.0,A-Tech,True,143.96
8.0,4.0,2666.0,Timetec,False,59.99
4.0,3.0,1866.0,Crucial,False,38.36
8.0,3.0,1600.0,Dell,False,24.99
8.0,3.0,1600.0,A-Tech,False,37.75
8.0,3.0,1600.0,QNAP,False,21.99
8.0,3.0,1866.0,A-Tech,False,37.75
8.0,3.0,1600.0,A-Tech,False,37.75
8.0,3.0,1600.0,A-Tech,False,37.75
8.0,3.0,1600.0,A-Tech,False,37.75
8.0,3.0,1600.0,A-Tech,False,37.75
8.0,3.0,1600.0,A-Tech,False,33.2
8.0,3.0,1600.0,A-Tech,False,37.75
8.0,3.0,1600.0,OWC,False,37.99
8.0,3.0,1600.0,A-Tech,False,37.75
8.0,3.0,1866.0,A-Tech,True,72.62
16.0,3.0,1600.0,HP,True,79.99
8.0,3.0,1600.0,A-Tech,False,37.75
8.0,3.0,1600.0,A-Tech,False,37.75
8.0,3.0,1600.0,A-Tech,False,25.99
8.0,3.0,1600.0,A-Tech,False,37.75
8.0,3.0,1600.0,A-Tech,False,37.75
8.0,3.0,1600.0,A-Tech,False,37.75
8.0,3.0,1600.0,Unknown,False,24.99
8.0,3.0,1866.0,A-Tech,False,37.75
8.0,3.0,1600.0,A-Tech,False,37.75
8.0,3.0,1600.0,A-Tech,False,37.75
32.0,4.0,2400.0,OWC,True,284.15
16.0,4.0,2133.0,Timetec,False,103.99
32.0,4.0,3200.0,Unknown,True,244.99
16.0,4.0,3200.0,Timetec,False,117.99
16.0,4.0,3600.0,G.SKILL,True,174.99
32.0,4.0,4000.0,G.SKILL,True,319.99
32.0,4.0,3600.0,G.SKILL,True,309.99
16.0,4.0,4000.0,Patriot Memory,True,154.99
32.0,4.0,2400.0,Timetec,True,205.99
16.0,4.0,2133.0,Timetec,True,117.99
32.0,4.0,3200.0,Patriot Memory,True,297.99
16.0,4.0,3200.0,Unknown,False,180.99
16.0,3.0,1600.0,Timetec,True,40.99
16.0,4.0,2666.0,A-Tech,False,153.66
16.0,4.0,3200.0,Unknown,False,154.99
8.0,4.0,3200.0,Micron,True,49.99
8.0,4.0,3200.0,Unknown,False,59.0
8.0,4.0,3200.0,OWC,False,69.99
8.0,3.0,1333.0,Timetec,True,26.99
16.0,4.0,2666.0,A-Tech,False,121.99
16.0,4.0,2133.0,A-Tech,False,114.99
8.0,4.0,2400.0,Crucial,False,105.73
8.0,4.0,2133.0,A-Tech,False,59.39
8.0,4.0,3200.0,OWC,False,99.99
8.0,3.0,1600.0,Samsung,False,47.0
8.0,4.0,3200.0,Unknown,False,68.99
8.0,4.0,2133.0,Timetec,False,60.99
8.0,4.0,2666.0,Timetec,False,60.99
16.0,4.0,3600.0,Unknown,True,153.99
16.0,4.0,3200.0,Unknown,True,166.99
8.0,3.0,1600.0,Timetec,True,26.99
8.0,5.0,5600.0,Samsung,False,118.5
8.0,4.0,2400.0,OWC,False,73.49
8.0,5.0,5600.0,Samsung,False,175.5
8.0,4.0,3200.0,Timetec,False,64.99
8.0,3.0,1600.0,Timetec,False,23.99
0.0,3.0,1333.0,Samsung,False,36.84
8.0,4.0,2666.0,Samsung,False,65.99
8.0,4.0,2133.0,Samsung,False,58.0
16.0,4.0,2666.0,TEAMGROUP,True,129.99
8.0,3.0,1600.0,A-Tech,False,37.75
8.0,4.0,3200.0,Micron,False,64.67
8.0,3.0,1600.0,Unknown,False,25.99
8.0,4.0,3200.0,Timetec,False,73.99
8.0,4.0,3200.0,Dell,False,77.0
8.0,3.0,1600.0,Samsung,True,62.92
8.0,4.0,2133.0,Patriot,False,67.99
8.0,4.0,2133.0,Crucial,False,63.09
8.0,3.0,1600.0,Unknown,False,22.99
8.0,4.0,3200.0,Unknown,False,62.99
4.0,4.0,2133.0,Samsung,False,78.68
8.0,4.0,3200.0,OWC,False,69.99
8.0,4.0,2666.0,A-Tech,False,77.99
16.0,4.0,2133.0,A-Tech,True,121.98
32.0,3.0,1600.0,A-Tech,True,114.8
32.0,5.0,4800.0,Unknown,False,1099.0
32.0,4.0,2400.0,Unknown,False,319.99
32.0,5.0,5600.0,Micron,False,1298.0
32.0,5.0,4800.0,A-Tech,False,989.99
32.0,4.0,2933.0,Unknown,False,459.45
32.0,4.0,2400.0,A-Tech,False,299.99
32.0,4.0,2933.0,A-Tech,False,449.99
32.0,4.0,2933.0,Unknown,False,419.99
32.0,5.0,4800.0,Unknown,False,1099.0
128.0,3.0,1333.0,A-Tech,True,278.86
32.0,3.0,1333.0,A-Tech,True,168.64
32.0,3.0,1600.0,A-Tech,True,114.8
32.0,4.0,2933.0,Unknown,False,419.99
256.0,4.0,2400.0,A-Tech,True,2399.92
32.0,3.0,1333.0,A-Tech,True,104.38
32.0,4.0,2666.0,A-Tech,True,409.98
64.0,4.0,2400.0,A-Tech,True,599.98
32.0,5.0,5600.0,Unknown,False,1294.45
32.0,4.0,2133.0,A-Tech,True,239.98
32.0,4.0,2133.0,A-Tech,False,277.19
32.0,4.0,3200.0,A-Tech,False,509.99
256.0,4.0,2400.0,A-Tech,True,2399.92
64.0,4.0,2666.0,Dell,True,599.49
64.0,4.0,2133.0,A-Tech,True,479.98
32.0,4.0,2933.0,OWC,True,338.96
32.0,3.0,1333.0,A-Tech,False,69.73
128.0,4.0,2400.0,A-Tech,True,1199.96
32.0,3.0,1600.0,A-Tech,True,200.3
64.0,4.0,2133.0,A-Tech,True,479.98
32.0,4.0,2133.0,A-Tech,True,237.55
32.0,3.0,1066.0,A-Tech,True,114.8
64.0,5.0,4800.0,Dell,True,2156.99
32.0,3.0,1333.0,A-Tech,True,168.64
576.0,5.0,6400.0,Dell,True,19729.99
32.0,4.0,2933.0,A-Tech,False,449.99
64.0,5.0,4800.0,Dell,False,1899.99
32.0,3.0,1600.0,Crucial,True,92.99
32.0,3.0,1600.0,OWC,True,117.58
32.0,4.0,2133.0,Unknown,False,229.99
64.0,5.0,5600.0,Micron,False,2299.99
32.0,4.0,2933.0,A-Tech,False,419.99
32.0,4.0,2666.0,Unknown,False,299.95
32.0,5.0,4800.0,Unknown,False,1099.0
32.0,4.0,2133.0,A-Tech,True,259.98
32.0,4.0,2933.0,A-Tech,False,419.99
32.0,4.0,2400.0,A-Tech,False,269.99
32.0,3.0,1333.0,Dell,False,99.99
32.0,4.0,3200.0,Unknown,False,449.99
32.0,4.0,3200.0,Unknown,True,371.89
32.0,4.0,3200.0,Unknown,True,371.89
128.0,5.0,4800.0,A-Tech,True,3956.99
32.0,4.0,3200.0,Unknown,False,449.99
32.0,5.0,4800.0,Unknown,True,1078.99
32.0,5.0,4800.0,Unknown,True,1078.99
32.0,5.0,4800.0,Unknown,True,1078.99
32.0,4.0,2666.0,Unknown,False,299.95
32.0,4.0,2933.0,Micron,False,419.99
32.0,5.0,4800.0,Dell,True,1078.99
64.0,5.0,4800.0,Unknown,True,2195.89
32.0,4.0,3200.0,Dell,True,392.99
32.0,4.0,2666.0,Unknown,False,299.95
128.0,4.0,2666.0,Dell,True,1197.89
32.0,3.0,1600.0,Unknown,False,99.99
32.0,4.0,3200.0,Micron,False,428.0
32.0,4.0,2933.0,Samsung,False,419.99
32.0,5.0,6400.0,Unknown,False,1488.0
32.0,4.0,2133.0,Samsung,False,249.99
32.0,4.0,3200.0,Unknown,False,449.99
64.0,5.0,4800.0,Unknown,True,2195.89
32.0,4.0,3200.0,Unknown,False,449.99
32.0,5.0,4800.0,Unknown,True,1078.99
32.0,5.0,4800.0,Unknown,False,1099.0
